display_name,canonical_wikipedia_url,structural_classification,structural_sensitivity,structural_risk_score,structural_notes,outcome_risk_notes_before,outcome_review_status,stability_after_review,strict_engagement_count_before,strict_engagement_count_after,page_type_mix_before,page_type_mix_after,known_outcome_count_before,known_outcome_count_after,outcome_profile_before,outcome_profile_after,changed_row_count,remaining_unknown_count_after,remaining_unknown_with_page_result_after,unresolved_row_count_after,rank_hierarchical_trust_v2_before,rank_hierarchical_trust_v2_after,rank_hierarchical_weighted_before,rank_hierarchical_weighted_after,trust_tier_before,trust_tier_after,trust_confidence_before,trust_confidence_after
Suleiman the Magnificent,https://en.wikipedia.org/wiki/Suleiman_the_Magnificent,high_priority_manual_audit,high,46,7 structurally suspect rows; 12 downgraded broad rows; war-page reduction 17→0; campaign reduction 2→0; strict engagements reduced by 18,clean record with unresolved battle outcomes; victory count dropped by 9; known outcomes dropped by 13; multiple surviving battle pages still unresolved; headline rank with softened trust confidence,corrected,stable_after_review,16,16,B=16; O=0; C=0; W=0,B=16; O=0; C=0; W=0,16,16,V=11; D=3; N=1; U=0,V=11; D=3; N=1; U=0,4,0,0,0,2.0,2.0,3.0,3.0,model_sensitive_band,model_sensitive_band,caution,caution
Douglas MacArthur,https://en.wikipedia.org/wiki/Douglas_MacArthur,high_priority_manual_audit,high,44,12 structurally suspect rows; 5 downgraded broad rows; war-page reduction 2→1; campaign reduction 13→0; strict engagements reduced by 16,victory count dropped by 14; known outcomes dropped by 15; headline rank with softened trust confidence,corrected_but_partially_unresolved,stable_after_review,22,22,B=18; O=3; C=0; W=1,B=18; O=3; C=0; W=1,18,20,V=14; D=4; N=0; U=4,V=14; D=4; N=2; U=2,2,2,1,1,4.0,4.0,4.0,4.0,model_sensitive_band,model_sensitive_band,caution,caution
Mahmud II,https://en.wikipedia.org/wiki/Mahmud_II,materially_inflated,high,44,5 structurally suspect rows; 5 downgraded broad rows; strict engagements reduced by 9; rank moved materially after verification,known outcomes dropped by 4,unresolved_after_review,stable_after_review,3,3,B=3; O=0; C=0; W=0,B=3; O=0; C=0; W=0,2,2,V=2; D=0; N=0; U=1,V=2; D=0; N=0; U=1,0,1,1,1,,,,,,,,
Nader Shah,https://en.wikipedia.org/wiki/Nader_Shah,high_priority_manual_audit,high,43,9 structurally suspect rows; 2 downgraded broad rows; war-page reduction 8→3; campaign reduction 6→0; strict engagements reduced by 11; rank moved materially after verification,victory count dropped by 4; known outcomes dropped by 5; multiple surviving battle pages still unresolved; headline rank with softened trust confidence,corrected_but_partially_unresolved,material_change,20,20,B=17; O=0; C=0; W=3,B=17; O=0; C=0; W=3,16,16,V=12; D=4; N=0; U=4,V=12; D=4; N=0; U=4,1,4,4,4,48.0,,98.0,,model_sensitive_band,,caution,
William Halsey Jr.,https://en.wikipedia.org/wiki/William_Halsey_Jr.,materially_inflated,high,42,6 structurally suspect rows; 1 downgraded broad rows; campaign reduction 7→0; strict engagements reduced by 6; rank moved materially after verification,victory count dropped by 13; known outcomes dropped by 7,corrected_but_partially_unresolved,stable_after_review,10,10,B=6; O=4; C=0; W=0,B=6; O=4; C=0; W=0,7,8,V=6; D=1; N=0; U=3,V=6; D=1; N=1; U=2,2,2,1,1,,,,,,,,
Nelson A. Miles,https://en.wikipedia.org/wiki/Nelson_A._Miles,materially_inflated,high,36,3 structurally suspect rows; 3 downgraded broad rows; war-page reduction 6→2; campaign reduction 2→0; strict engagements reduced by 6; rank moved materially after verification,victory count dropped by 3; known outcomes dropped by 3,unresolved_after_review,material_change,5,5,B=3; O=0; C=0; W=2,B=3; O=0; C=0; W=2,3,3,V=2; D=0; N=0; U=2,V=2; D=0; N=0; U=2,0,2,2,2,181.0,174.0,157.0,157.0,outside_trust_headline,outside_trust_headline,caution,caution
Dwight D. Eisenhower,https://en.wikipedia.org/wiki/Dwight_D._Eisenhower,high_priority_manual_audit,high,34,4 structurally suspect rows; 4 downgraded broad rows; war-page reduction 4→1; campaign reduction 3→0; rank moved materially after verification,victory count dropped by 3; known outcomes dropped by 4; headline rank with softened trust confidence,corrected_but_partially_unresolved,stable_after_review,13,13,B=5; O=7; C=0; W=1,B=5; O=7; C=0; W=1,7,9,V=6; D=1; N=0; U=6,V=6; D=1; N=2; U=4,2,4,3,3,5.0,5.0,5.0,5.0,model_sensitive_band,model_sensitive_band,caution,caution
Flavius Aetius,https://en.wikipedia.org/wiki/Flavius_Aetius,high_priority_manual_audit,moderate,32,1 structurally suspect rows; 6 downgraded broad rows; war-page reduction 6→0; campaign reduction 1→0; strict engagements reduced by 7; rank moved materially after verification,victory count dropped by 4; known outcomes dropped by 5,corrected,stable_after_review,6,6,B=6; O=0; C=0; W=0,B=6; O=0; C=0; W=0,5,5,V=4; D=1; N=0; U=1,V=4; D=1; N=0; U=1,1,1,0,0,,,,,,,,
Ivan Sirko,https://en.wikipedia.org/wiki/Ivan_Sirko,materially_inflated,high,32,2 structurally suspect rows; 4 downgraded broad rows; war-page reduction 5→0; campaign reduction 1→0; strict engagements reduced by 6; rank moved materially after verification,victory count dropped by 3; known outcomes dropped by 4,corrected_but_partially_unresolved,material_change,10,10,B=10; O=0; C=0; W=0,B=10; O=0; C=0; W=0,1,2,V=1; D=0; N=0; U=9,V=2; D=0; N=0; U=8,1,8,6,6,95.0,57.0,30.0,12.0,model_sensitive_band,model_sensitive_band,caution,caution
Ahmad Shah Durrani,https://en.wikipedia.org/wiki/Ahmad_Shah_Durrani,materially_inflated,high,31,5 structurally suspect rows; 2 downgraded broad rows; strict engagements reduced by 7; rank moved materially after verification,,corrected_but_partially_unresolved,material_change,10,10,B=9; O=0; C=0; W=1,B=9; O=0; C=0; W=1,6,9,V=4; D=1; N=1; U=4,V=7; D=1; N=1; U=1,3,1,1,1,,24.0,,28.0,,model_sensitive_band,,caution
Chiang Kai-shek,https://en.wikipedia.org/wiki/Chiang_Kai-shek,materially_inflated,high,30,3 structurally suspect rows; 10 downgraded broad rows; strict engagements reduced by 10; rank moved materially after verification,known outcomes dropped by 7,corrected_but_partially_unresolved,stable_after_review,20,20,B=9; O=2; C=0; W=9,B=9; O=2; C=0; W=9,8,9,V=3; D=4; N=1; U=12,V=3; D=4; N=2; U=11,1,11,8,8,,,,,,,,
Enver Pasha,https://en.wikipedia.org/wiki/Enver_Pasha,materially_inflated,moderate,29,4 structurally suspect rows; 6 downgraded broad rows; war-page reduction 6→5; campaign reduction 5→0; strict engagements reduced by 5; rank moved materially after verification,headline rank with softened trust confidence,unresolved_after_review,stable_after_review,14,14,B=8; O=1; C=0; W=5,B=8; O=1; C=0; W=5,9,9,V=5; D=3; N=1; U=5,V=5; D=3; N=1; U=5,0,5,5,5,17.0,16.0,25.0,27.0,model_sensitive_band,model_sensitive_band,caution,caution
Shapur II,https://en.wikipedia.org/wiki/Shapur_II,materially_inflated,high,28,3 structurally suspect rows; 2 downgraded broad rows; strict engagements reduced by 4; rank moved materially after verification,known outcomes dropped by 4,unresolved_after_review,stable_after_review,8,8,B=8; O=0; C=0; W=0,B=8; O=0; C=0; W=0,7,7,V=5; D=1; N=1; U=1,V=5; D=1; N=1; U=1,0,1,1,1,,,,,,,,
Robert E. Lee,https://en.wikipedia.org/wiki/Robert_E._Lee,materially_inflated,high,28,6 structurally suspect rows; campaign reduction 6→0; strict engagements reduced by 6; rank moved materially after verification,,corrected_but_partially_unresolved,material_change,25,25,B=24; O=0; C=0; W=1,B=24; O=0; C=0; W=1,7,15,V=6; D=0; N=1; U=18,V=7; D=3; N=5; U=10,8,10,10,10,136.0,,140.0,,outside_trust_headline,,caution,
Charles XIV John,https://en.wikipedia.org/wiki/Charles_XIV_John,high_priority_manual_audit,moderate,27,3 structurally suspect rows; 4 downgraded broad rows; war-page reduction 8→5; campaign reduction 3→0; strict engagements reduced by 6,victory count dropped by 5; known outcomes dropped by 5; multiple surviving battle pages still unresolved,unresolved_after_review,stable_after_review,21,21,B=16; O=0; C=0; W=5,B=16; O=0; C=0; W=5,16,16,V=15; D=1; N=0; U=5,V=15; D=1; N=0; U=5,0,5,3,3,6.0,6.0,8.0,9.0,robust_elite_core,robust_elite_core,high,high
Joseph Stalin,https://en.wikipedia.org/wiki/Joseph_Stalin,high_priority_manual_audit,high,27,2 structurally suspect rows; 7 downgraded broad rows; war-page reduction 9→6; rank moved materially after verification,victory count dropped by 3; known outcomes dropped by 3; headline rank with softened trust confidence,corrected_but_partially_unresolved,stable_after_review,17,17,B=5; O=6; C=0; W=6,B=5; O=6; C=0; W=6,7,10,V=5; D=2; N=0; U=10,V=6; D=2; N=2; U=7,4,7,7,7,45.0,47.0,88.0,94.0,model_sensitive_band,model_sensitive_band,caution,caution
Živojin Mišić,https://en.wikipedia.org/wiki/%C5%BDivojin_Mi%C5%A1i%C4%87,high_priority_manual_audit,moderate,27,2 structurally suspect rows; 1 downgraded broad rows; campaign reduction 2→0; rank moved materially after verification,clean record with unresolved battle outcomes; headline rank with softened trust confidence,corrected_but_partially_unresolved,stable_after_review,9,9,B=5; O=3; C=0; W=1,B=5; O=3; C=0; W=1,6,7,V=6; D=0; N=0; U=3,V=7; D=0; N=0; U=2,1,2,2,2,23.0,20.0,20.0,17.0,model_sensitive_band,model_sensitive_band,caution,caution
Aurangzeb,https://en.wikipedia.org/wiki/Aurangzeb,materially_inflated,moderate,27,4 structurally suspect rows; 3 downgraded broad rows; war-page reduction 7→2; campaign reduction 1→0; strict engagements reduced by 6; rank moved materially after verification,,confirmed_no_change,material_change,10,10,B=8; O=0; C=0; W=2,B=8; O=0; C=0; W=2,9,9,V=7; D=1; N=1; U=1,V=7; D=1; N=1; U=1,0,1,0,0,26.0,32.0,34.0,36.0,model_sensitive_band,model_sensitive_band,caution,caution
Selim I,https://en.wikipedia.org/wiki/Selim_I,materially_inflated,high,27,3 structurally suspect rows; 2 downgraded broad rows; strict engagements reduced by 4; rank moved materially after verification,known outcomes dropped by 3,corrected_but_partially_unresolved,stable_after_review,8,8,B=8; O=0; C=0; W=0,B=8; O=0; C=0; W=0,5,7,V=4; D=1; N=0; U=3,V=6; D=1; N=0; U=1,2,1,1,1,,,,,,,,
Fyodor Ushakov,https://en.wikipedia.org/wiki/Fyodor_Ushakov,materially_inflated,high,26,2 structurally suspect rows; 2 downgraded broad rows; strict engagements reduced by 4; rank moved materially after verification,,corrected,material_change,5,5,B=5; O=0; C=0; W=0,B=5; O=0; C=0; W=0,4,5,V=4; D=0; N=0; U=1,V=5; D=0; N=0; U=0,1,0,0,0,,123.0,,62.0,,outside_trust_headline,,caution
Hisaichi Terauchi,https://en.wikipedia.org/wiki/Hisaichi_Terauchi,materially_inflated,high,26,1 structurally suspect rows; 4 downgraded broad rows; strict engagements reduced by 5; rank moved materially after verification,known outcomes dropped by 5,unresolved_after_review,stable_after_review,7,7,B=3; O=2; C=0; W=2,B=3; O=2; C=0; W=2,6,6,V=3; D=3; N=0; U=1,V=3; D=3; N=0; U=1,0,1,1,1,,,,,,,,
Louis XIV,https://en.wikipedia.org/wiki/Louis_XIV,materially_inflated,moderate,25,4 structurally suspect rows; 2 downgraded broad rows; war-page reduction 12→7; campaign reduction 1→0; strict engagements reduced by 6,headline rank with softened trust confidence,corrected_but_partially_unresolved,stable_after_review,15,15,B=8; O=0; C=0; W=7,B=8; O=0; C=0; W=7,10,11,V=9; D=1; N=0; U=5,V=9; D=1; N=1; U=4,1,4,4,4,9.0,7.0,7.0,6.0,high_confidence_upper_band,high_confidence_upper_band,moderate,moderate
Aleksandr Vasilevsky,https://en.wikipedia.org/wiki/Aleksandr_Vasilevsky,materially_inflated,moderate,25,3 structurally suspect rows; 5 downgraded broad rows; war-page reduction 2→1; campaign reduction 2→0; strict engagements reduced by 6,,corrected,stable_after_review,9,9,B=4; O=4; C=0; W=1,B=4; O=4; C=0; W=1,8,9,V=8; D=0; N=0; U=1,V=9; D=0; N=0; U=0,1,0,0,0,36.0,34.0,33.0,31.0,model_sensitive_band,model_sensitive_band,caution,caution
Radomir Putnik,https://en.wikipedia.org/wiki/Radomir_Putnik,materially_inflated,high,25,2 structurally suspect rows; 2 downgraded broad rows; war-page reduction 3→0; campaign reduction 2→0; rank moved materially after verification,victory count dropped by 7,corrected_but_partially_unresolved,material_change,9,9,B=5; O=2; C=0; W=2,B=5; O=2; C=0; W=2,6,7,V=5; D=1; N=0; U=3,V=6; D=1; N=0; U=2,1,2,2,2,,46.0,,45.0,,model_sensitive_band,,caution
Muhammad Ali of Egypt,https://en.wikipedia.org/wiki/Muhammad_Ali_of_Egypt,materially_inflated,high,25,7 downgraded broad rows; strict engagements reduced by 4; rank moved materially after verification,,unresolved_after_review,stable_after_review,6,6,B=4; O=0; C=0; W=2,B=4; O=0; C=0; W=2,3,3,V=3; D=0; N=0; U=3,V=3; D=0; N=0; U=3,0,3,1,1,106.0,109.0,42.0,44.0,outside_trust_headline,outside_trust_headline,caution,caution
Mustafa Kemal Atatürk,https://en.wikipedia.org/wiki/Mustafa_Kemal_Atat%C3%BCrk,materially_inflated,high,24,2 structurally suspect rows; 5 downgraded broad rows; war-page reduction 9→0; campaign reduction 3→0; strict engagements reduced by 5; rank moved materially after verification,victory count dropped by 15,unresolved_after_review,stable_after_review,28,28,B=21; O=0; C=0; W=7,B=21; O=0; C=0; W=7,22,22,V=14; D=8; N=0; U=6,V=14; D=8; N=0; U=6,0,6,4,4,,,,,,,,
Qasem Soleimani,https://en.wikipedia.org/wiki/Qasem_Soleimani,materially_inflated,high,23,2 structurally suspect rows; 2 downgraded broad rows; war-page reduction 2→0; campaign reduction 2→0; strict engagements reduced by 3; rank moved materially after verification,victory count dropped by 4,unresolved_after_review,stable_after_review,10,10,B=6; O=3; C=0; W=1,B=6; O=3; C=0; W=1,3,3,V=2; D=0; N=0; U=7,V=2; D=0; N=0; U=7,0,7,5,5,,,,,,,,
Robert L. Eichelberger,https://en.wikipedia.org/wiki/Robert_L._Eichelberger,materially_inflated,high,23,3 structurally suspect rows; campaign reduction 2→0; rank moved materially after verification,,confirmed_no_change,material_change,9,9,B=9; O=0; C=0; W=0,B=9; O=0; C=0; W=0,9,9,V=9; D=0; N=0; U=0,V=9; D=0; N=0; U=0,0,0,0,0,79.0,91.0,69.0,78.0,model_sensitive_band,model_sensitive_band,caution,caution
Alexander I of Russia,https://en.wikipedia.org/wiki/Alexander_I_of_Russia,materially_inflated,high,23,4 structurally suspect rows; 3 downgraded broad rows; strict engagements reduced by 5; rank moved materially after verification,known outcomes dropped by 3,unresolved_after_review,stable_after_review,17,17,B=10; O=0; C=0; W=7,B=10; O=0; C=0; W=7,13,13,V=7; D=6; N=0; U=4,V=7; D=6; N=0; U=4,0,4,3,3,,,,,,,,
George Crook,https://en.wikipedia.org/wiki/George_Crook,materially_inflated,high,23,3 structurally suspect rows; 3 downgraded broad rows; strict engagements reduced by 5; rank moved materially after verification,known outcomes dropped by 3,corrected_but_partially_unresolved,stable_after_review,15,15,B=14; O=0; C=0; W=1,B=14; O=0; C=0; W=1,6,11,V=4; D=2; N=0; U=9,V=7; D=3; N=1; U=4,5,4,4,4,,,,,,,,
Friedrich Wilhelm Freiherr von Bülow,https://en.wikipedia.org/wiki/Friedrich_Wilhelm_Freiherr_von_B%C3%BClow,materially_inflated,high,23,2 structurally suspect rows; war-page reduction 1→0; campaign reduction 2→0; rank moved materially after verification,victory count dropped by 8,corrected_but_partially_unresolved,stable_after_review,9,9,B=8; O=0; C=0; W=1,B=8; O=0; C=0; W=1,7,8,V=7; D=0; N=0; U=2,V=7; D=0; N=1; U=1,1,1,1,1,,,,,,,,
Napoleon Bonaparte,https://en.wikipedia.org/wiki/Napoleon,high_priority_manual_audit,moderate,22,7 structurally suspect rows; 3 downgraded broad rows; war-page reduction 5→2; campaign reduction 6→0; strict engagements reduced by 7,known outcomes dropped by 4; multiple surviving battle pages still unresolved,corrected_but_partially_unresolved,stable_after_review,67,67,B=65; O=0; C=0; W=2,B=65; O=0; C=0; W=2,58,60,V=49; D=9; N=0; U=9,V=49; D=9; N=2; U=7,2,7,4,4,3.0,3.0,2.0,2.0,robust_elite_core,robust_elite_core,very_high,very_high
Ivan Konev,https://en.wikipedia.org/wiki/Ivan_Konev,high_priority_manual_audit,high,22,1 structurally suspect rows; 7 downgraded broad rows; strict engagements reduced by 6; rank moved materially after verification,known outcomes dropped by 4; multiple surviving battle pages still unresolved,corrected_but_partially_unresolved,stable_after_review,21,21,B=16; O=5; C=0; W=0,B=16; O=5; C=0; W=0,15,17,V=9; D=5; N=1; U=6,V=9; D=5; N=3; U=4,2,4,4,4,46.0,49.0,106.0,109.0,model_sensitive_band,model_sensitive_band,caution,caution
Georgy Zhukov,https://en.wikipedia.org/wiki/Georgy_Zhukov,materially_inflated,moderate,22,3 structurally suspect rows; 6 downgraded broad rows; strict engagements reduced by 6; rank moved materially after verification,known outcomes dropped by 4,corrected_but_partially_unresolved,stable_after_review,24,24,B=17; O=7; C=0; W=0,B=17; O=7; C=0; W=0,20,23,V=16; D=4; N=0; U=4,V=18; D=4; N=1; U=1,3,1,1,1,,,,,,,,
Henri Gouraud,https://en.wikipedia.org/wiki/Henri_Gouraud,materially_inflated,high,22,1 structurally suspect rows; 4 downgraded broad rows; strict engagements reduced by 3; rank moved materially after verification,known outcomes dropped by 3,corrected_but_partially_unresolved,stable_after_review,7,7,B=5; O=1; C=0; W=1,B=5; O=1; C=0; W=1,4,6,V=4; D=0; N=0; U=3,V=6; D=0; N=0; U=1,2,1,1,1,,,,,,,,
Mehmed II,https://en.wikipedia.org/wiki/Mehmed_II,high_priority_manual_audit,high,21,4 structurally suspect rows; 1 downgraded broad rows; war-page reduction 5→1; campaign reduction 1→0; rank moved materially after verification,multiple surviving battle pages still unresolved; headline rank with softened trust confidence,corrected_but_partially_unresolved,stable_after_review,23,23,B=22; O=0; C=0; W=1,B=22; O=0; C=0; W=1,18,21,V=15; D=3; N=0; U=5,V=17; D=4; N=0; U=2,3,2,2,2,7.0,11.0,10.0,15.0,high_confidence_upper_band,high_confidence_upper_band,moderate,moderate
Bernard Montgomery,https://en.wikipedia.org/wiki/Bernard_Montgomery,high_priority_manual_audit,high,21,2 structurally suspect rows; 6 downgraded broad rows; campaign reduction 5→0; rank moved materially after verification,multiple surviving battle pages still unresolved; headline rank with softened trust confidence,unresolved_after_review,stable_after_review,19,19,B=9; O=10; C=0; W=0,B=9; O=10; C=0; W=0,12,12,V=11; D=1; N=0; U=7,V=11; D=1; N=0; U=7,0,7,3,3,13.0,14.0,13.0,16.0,model_sensitive_band,model_sensitive_band,caution,caution
Nikolai Vatutin,https://en.wikipedia.org/wiki/Nikolai_Vatutin,materially_inflated,high,21,1 structurally suspect rows; 4 downgraded broad rows; campaign reduction 1→0; strict engagements reduced by 4; rank moved materially after verification,known outcomes dropped by 3,corrected,stable_after_review,13,13,B=8; O=5; C=0; W=0,B=8; O=5; C=0; W=0,11,12,V=10; D=1; N=0; U=2,V=11; D=1; N=0; U=1,1,1,0,0,39.0,36.0,48.0,41.0,model_sensitive_band,model_sensitive_band,caution,caution
Peng Dehuai,https://en.wikipedia.org/wiki/Peng_Dehuai,materially_inflated,high,21,7 downgraded broad rows; campaign reduction 3→0; strict engagements reduced by 7; rank moved materially after verification,multiple surviving battle pages still unresolved,corrected_but_partially_unresolved,stable_after_review,13,13,B=11; O=1; C=0; W=1,B=11; O=1; C=0; W=1,7,8,V=6; D=1; N=0; U=6,V=6; D=1; N=1; U=5,1,5,5,5,40.0,39.0,58.0,60.0,model_sensitive_band,model_sensitive_band,caution,caution
Stanisław Koniecpolski,https://en.wikipedia.org/wiki/Stanis%C5%82aw_Koniecpolski,materially_inflated,high,21,1 structurally suspect rows; 2 downgraded broad rows; war-page reduction 3→0; strict engagements reduced by 3; rank moved materially after verification,victory count dropped by 6,unresolved_after_review,stable_after_review,11,11,B=11; O=0; C=0; W=0,B=11; O=0; C=0; W=0,7,7,V=6; D=1; N=0; U=4,V=6; D=1; N=0; U=4,0,4,2,2,,,,,,,,
Hayreddin Barbarossa,https://en.wikipedia.org/wiki/Hayreddin_Barbarossa,materially_inflated,high,21,1 structurally suspect rows; 3 downgraded broad rows; rank moved materially after verification,,unresolved_after_review,stable_after_review,5,5,B=5; O=0; C=0; W=0,B=5; O=0; C=0; W=0,3,3,V=3; D=0; N=0; U=2,V=3; D=0; N=0; U=2,0,2,2,2,152.0,151.0,43.0,43.0,outside_trust_headline,outside_trust_headline,caution,caution
Andranik Ozanian,https://en.wikipedia.org/wiki/Andranik,materially_inflated,high,21,5 downgraded broad rows; strict engagements reduced by 4; rank moved materially after verification,,unresolved_after_review,stable_after_review,4,4,B=3; O=0; C=0; W=1,B=3; O=0; C=0; W=1,3,3,V=3; D=0; N=0; U=1,V=3; D=0; N=0; U=1,0,1,1,1,,,,,,,,
Babur,https://en.wikipedia.org/wiki/Babur,high_priority_manual_audit,moderate,20,5 downgraded broad rows; war-page reduction 3→0; campaign reduction 2→0; strict engagements reduced by 5; rank moved materially after verification,multiple surviving battle pages still unresolved; headline rank with softened trust confidence,unresolved_after_review,stable_after_review,11,11,B=11; O=0; C=0; W=0,B=11; O=0; C=0; W=0,7,7,V=6; D=1; N=0; U=4,V=6; D=1; N=0; U=4,0,4,4,4,18.0,17.0,16.0,18.0,model_sensitive_band,model_sensitive_band,caution,caution
Philip the Good,https://en.wikipedia.org/wiki/Philip_the_Good,materially_inflated,high,20,3 structurally suspect rows; 1 downgraded broad rows; war-page reduction 3→1; rank moved materially after verification,,unresolved_after_review,stable_after_review,9,9,B=8; O=0; C=0; W=1,B=8; O=0; C=0; W=1,8,8,V=7; D=1; N=0; U=1,V=7; D=1; N=0; U=1,0,1,1,1,58.0,62.0,44.0,46.0,model_sensitive_band,model_sensitive_band,caution,caution
Mao Zedong,https://en.wikipedia.org/wiki/Mao_Zedong,materially_inflated,high,20,2 structurally suspect rows; 1 downgraded broad rows; strict engagements reduced by 3; rank moved materially after verification,,corrected_but_partially_unresolved,stable_after_review,10,10,B=6; O=1; C=0; W=3,B=6; O=1; C=0; W=3,4,5,V=3; D=0; N=1; U=6,V=3; D=0; N=2; U=5,1,5,3,3,,,,,,,,
Marc Mitscher,https://en.wikipedia.org/wiki/Marc_Mitscher,materially_inflated,high,20,1 structurally suspect rows; 2 downgraded broad rows; strict engagements reduced by 3; rank moved materially after verification,known outcomes dropped by 3,corrected,stable_after_review,7,7,B=2; O=5; C=0; W=0,B=2; O=5; C=0; W=0,6,7,V=6; D=0; N=0; U=1,V=6; D=0; N=1; U=0,1,0,0,0,,,,,,,,
Mikhail Kutuzov,https://en.wikipedia.org/wiki/Mikhail_Kutuzov,high_priority_manual_audit,moderate,19,1 structurally suspect rows; 3 downgraded broad rows; war-page reduction 6→2; strict engagements reduced by 3,multiple surviving battle pages still unresolved; headline rank with softened trust confidence,unresolved_after_review,stable_after_review,13,13,B=11; O=0; C=0; W=2,B=11; O=0; C=0; W=2,9,9,V=7; D=2; N=0; U=4,V=7; D=2; N=0; U=4,0,4,1,1,19.0,18.0,17.0,19.0,model_sensitive_band,model_sensitive_band,caution,caution
Fyodor Tolbukhin,https://en.wikipedia.org/wiki/Fyodor_Tolbukhin,materially_inflated,high,19,4 downgraded broad rows; strict engagements reduced by 3; rank moved materially after verification,clean record with unresolved battle outcomes,corrected_but_partially_unresolved,stable_after_review,13,13,B=5; O=8; C=0; W=0,B=5; O=8; C=0; W=0,10,11,V=10; D=0; N=0; U=3,V=10; D=0; N=1; U=2,1,2,2,2,43.0,44.0,46.0,56.0,model_sensitive_band,model_sensitive_band,caution,caution
Stefan Czarniecki,https://en.wikipedia.org/wiki/Stefan_Czarniecki,materially_inflated,high,19,1 structurally suspect rows; 4 downgraded broad rows; strict engagements reduced by 5; rank moved materially after verification,known outcomes dropped by 4,corrected_but_partially_unresolved,stable_after_review,24,24,B=24; O=0; C=0; W=0,B=24; O=0; C=0; W=0,18,19,V=11; D=7; N=0; U=6,V=11; D=7; N=1; U=5,1,5,2,2,,,,,,,,
Ivan Bagramyan,https://en.wikipedia.org/wiki/Ivan_Bagramyan,materially_inflated,high,19,6 downgraded broad rows; strict engagements reduced by 4; rank moved materially after verification,known outcomes dropped by 3,corrected_but_partially_unresolved,material_change,11,11,B=4; O=7; C=0; W=0,B=4; O=7; C=0; W=0,6,10,V=6; D=0; N=0; U=5,V=10; D=0; N=0; U=1,4,1,1,1,,65.0,,64.0,,model_sensitive_band,,caution
William I of the Netherlands,https://en.wikipedia.org/wiki/William_I_of_the_Netherlands,materially_inflated,high,19,5 downgraded broad rows; strict engagements reduced by 4; rank moved materially after verification,known outcomes dropped by 3,unresolved_after_review,stable_after_review,10,10,B=9; O=0; C=0; W=1,B=9; O=0; C=0; W=1,9,9,V=5; D=4; N=0; U=1,V=5; D=4; N=0; U=1,0,1,1,1,,,,,,,,
Theodoros Kolokotronis,https://en.wikipedia.org/wiki/Theodoros_Kolokotronis,materially_inflated,high,19,3 downgraded broad rows; strict engagements reduced by 3; rank moved materially after verification,known outcomes dropped by 3,unresolved_after_review,stable_after_review,5,5,B=5; O=0; C=0; W=0,B=5; O=0; C=0; W=0,4,4,V=4; D=0; N=0; U=1,V=4; D=0; N=0; U=1,0,1,1,1,,,,,,,,
Ivan Paskevich,https://en.wikipedia.org/wiki/Ivan_Paskevich,structurally_clean,moderate,18,2 downgraded broad rows; war-page reduction 4→2; rank moved materially after verification,headline rank with softened trust confidence,corrected,stable_after_review,9,9,B=7; O=0; C=0; W=2,B=7; O=0; C=0; W=2,8,9,V=7; D=1; N=0; U=1,V=8; D=1; N=0; U=0,1,0,0,0,15.0,13.0,9.0,7.0,model_sensitive_band,model_sensitive_band,caution,caution
Stepa Stepanović,https://en.wikipedia.org/wiki/Stepa_Stepanovi%C4%87,materially_inflated,high,18,2 structurally suspect rows; 2 downgraded broad rows; war-page reduction 3→2; campaign reduction 2→0; rank moved materially after verification,,corrected_but_partially_unresolved,material_change,12,12,B=6; O=4; C=0; W=2,B=6; O=4; C=0; W=2,7,9,V=6; D=1; N=0; U=5,V=7; D=2; N=0; U=3,2,3,2,2,37.0,,36.0,,model_sensitive_band,,caution,
Charles-Pierre Augereau,https://en.wikipedia.org/wiki/Charles-Pierre_Augereau,materially_inflated,high,18,3 structurally suspect rows; 1 downgraded broad rows; campaign reduction 4→0; strict engagements reduced by 3; rank moved materially after verification,,unresolved_after_review,stable_after_review,29,29,B=24; O=0; C=0; W=5,B=24; O=0; C=0; W=5,26,26,V=20; D=6; N=0; U=3,V=20; D=6; N=0; U=3,0,3,2,2,44.0,43.0,86.0,86.0,model_sensitive_band,model_sensitive_band,caution,caution
Jan Karol Chodkiewicz,https://en.wikipedia.org/wiki/Jan_Karol_Chodkiewicz,materially_inflated,high,18,1 structurally suspect rows; 3 downgraded broad rows; war-page reduction 4→0; strict engagements reduced by 4; rank moved materially after verification,,corrected_but_partially_unresolved,material_change,12,12,B=12; O=0; C=0; W=0,B=12; O=0; C=0; W=0,9,10,V=8; D=1; N=0; U=3,V=9; D=1; N=0; U=2,1,2,1,1,55.0,50.0,61.0,52.0,model_sensitive_band,high_confidence_upper_band,moderate,moderate
Agha Petros,https://en.wikipedia.org/wiki/Agha_Petros,materially_inflated,high,18,5 downgraded broad rows; strict engagements reduced by 3; rank moved materially after verification,,unresolved_after_review,material_change,6,6,B=6; O=0; C=0; W=0,B=6; O=0; C=0; W=0,5,5,V=5; D=0; N=0; U=1,V=5; D=0; N=0; U=1,0,1,1,1,63.0,68.0,65.0,65.0,model_sensitive_band,model_sensitive_band,caution,caution
Nikolai Yudenich,https://en.wikipedia.org/wiki/Nikolai_Yudenich,materially_inflated,high,18,2 structurally suspect rows; 2 downgraded broad rows; rank moved materially after verification,,corrected,stable_after_review,10,10,B=7; O=2; C=0; W=1,B=7; O=2; C=0; W=1,8,9,V=6; D=1; N=1; U=2,V=5; D=3; N=1; U=1,2,1,0,0,,,,,,,,
Yamagata Aritomo,https://en.wikipedia.org/wiki/Yamagata_Aritomo,materially_inflated,high,18,1 structurally suspect rows; war-page reduction 4→0; rank moved materially after verification,victory count dropped by 7,unresolved_after_review,stable_after_review,9,9,B=6; O=0; C=0; W=3,B=6; O=0; C=0; W=3,6,6,V=6; D=0; N=0; U=3,V=6; D=0; N=0; U=3,0,3,3,3,,,,,,,,
Rodolfo Graziani,https://en.wikipedia.org/wiki/Rodolfo_Graziani,materially_inflated,moderate,18,3 structurally suspect rows; 2 downgraded broad rows; strict engagements reduced by 3,known outcomes dropped by 4,corrected_but_partially_unresolved,stable_after_review,11,11,B=7; O=2; C=0; W=2,B=7; O=2; C=0; W=2,5,6,V=4; D=1; N=0; U=6,V=4; D=1; N=1; U=5,1,5,4,4,,,,,,,,
Jean-de-Dieu Soult,https://en.wikipedia.org/wiki/Jean-de-Dieu_Soult,materially_inflated,high,18,5 structurally suspect rows; strict engagements reduced by 4; rank moved materially after verification,known outcomes dropped by 4,unresolved_after_review,stable_after_review,46,46,B=42; O=0; C=0; W=4,B=42; O=0; C=0; W=4,38,38,V=23; D=14; N=1; U=8,V=23; D=14; N=1; U=8,0,8,3,3,,,,,,,,
Stanisław Rewera Potocki,https://en.wikipedia.org/wiki/Stanis%C5%82aw_Rewera_Potocki,materially_inflated,high,18,1 structurally suspect rows; 3 downgraded broad rows; strict engagements reduced by 4; rank moved materially after verification,known outcomes dropped by 3,corrected_but_partially_unresolved,stable_after_review,14,14,B=14; O=0; C=0; W=0,B=14; O=0; C=0; W=0,8,10,V=5; D=3; N=0; U=6,V=5; D=4; N=1; U=4,2,4,2,2,,,,,,,,
George Washington,https://en.wikipedia.org/wiki/George_Washington,materially_inflated,high,18,4 structurally suspect rows; 1 downgraded broad rows; strict engagements reduced by 4; rank moved materially after verification,,unresolved_after_review,stable_after_review,20,20,B=16; O=0; C=0; W=4,B=16; O=0; C=0; W=4,17,17,V=8; D=9; N=0; U=3,V=8; D=9; N=0; U=3,0,3,2,2,,,,,,,,
Petar Bojović,https://en.wikipedia.org/wiki/Petar_Bojovi%C4%87,mildly_inflated,moderate,17,3 downgraded broad rows; war-page reduction 3→2; campaign reduction 1→0; rank moved materially after verification,headline rank with softened trust confidence,unresolved_after_review,stable_after_review,9,9,B=4; O=3; C=0; W=2,B=4; O=3; C=0; W=2,7,7,V=7; D=0; N=0; U=2,V=7; D=0; N=0; U=2,0,2,2,2,21.0,22.0,15.0,14.0,model_sensitive_band,model_sensitive_band,caution,caution
Rodion Malinovsky,https://en.wikipedia.org/wiki/Rodion_Malinovsky,high_priority_manual_audit,moderate,17,7 downgraded broad rows; strict engagements reduced by 6,known outcomes dropped by 3; multiple surviving battle pages still unresolved,corrected_but_partially_unresolved,material_change,16,16,B=8; O=7; C=0; W=1,B=8; O=7; C=0; W=1,12,13,V=11; D=1; N=0; U=4,V=11; D=1; N=1; U=3,1,3,2,2,47.0,,66.0,,model_sensitive_band,,caution,
Frederick the Great,https://en.wikipedia.org/wiki/Frederick_the_Great,materially_inflated,high,17,1 structurally suspect rows; 1 downgraded broad rows; war-page reduction 7→0; rank moved materially after verification,victory count dropped by 18,corrected_but_partially_unresolved,stable_after_review,26,26,B=21; O=0; C=0; W=5,B=21; O=0; C=0; W=5,23,24,V=17; D=6; N=0; U=3,V=17; D=6; N=1; U=2,1,2,1,1,,,,,,,,
Dragut,https://en.wikipedia.org/wiki/Dragut,materially_inflated,high,17,1 structurally suspect rows; 2 downgraded broad rows; rank moved materially after verification,,unresolved_after_review,stable_after_review,8,8,B=8; O=0; C=0; W=0,B=8; O=0; C=0; W=0,6,6,V=5; D=1; N=0; U=2,V=5; D=1; N=0; U=2,0,2,2,2,,,,,,,,
Shapur I,https://en.wikipedia.org/wiki/Shapur_I,materially_inflated,moderate,17,4 structurally suspect rows; 1 downgraded broad rows; strict engagements reduced by 4,,unresolved_after_review,stable_after_review,13,13,B=13; O=0; C=0; W=0,B=13; O=0; C=0; W=0,9,9,V=6; D=2; N=1; U=4,V=6; D=2; N=1; U=4,0,4,4,4,,,,,,,,
Jerzy Sebastian Lubomirski,https://en.wikipedia.org/wiki/Jerzy_Sebastian_Lubomirski,materially_inflated,high,17,1 structurally suspect rows; 1 downgraded broad rows; rank moved materially after verification,,corrected,material_change,8,8,B=8; O=0; C=0; W=0,B=8; O=0; C=0; W=0,6,8,V=6; D=0; N=0; U=2,V=8; D=0; N=0; U=0,2,0,0,0,,83.0,,69.0,,model_sensitive_band,,caution
"Frederick Henry, Prince of Orange",https://en.wikipedia.org/wiki/Frederick_Henry%2C_Prince_of_Orange,materially_inflated,high,17,2 structurally suspect rows; 1 downgraded broad rows; rank moved materially after verification,,unresolved_after_review,stable_after_review,10,10,B=10; O=0; C=0; W=0,B=10; O=0; C=0; W=0,9,9,V=7; D=2; N=0; U=1,V=7; D=2; N=0; U=1,0,1,1,1,,,,,,,,
"Louis, Grand Condé",https://en.wikipedia.org/wiki/Louis%2C_Grand_Cond%C3%A9,materially_inflated,high,17,3 structurally suspect rows; strict engagements reduced by 3; rank moved materially after verification,,corrected_but_partially_unresolved,stable_after_review,13,13,B=11; O=0; C=0; W=2,B=11; O=0; C=0; W=2,8,10,V=6; D=2; N=0; U=5,V=6; D=2; N=2; U=3,2,3,2,2,,,,,,,,
Erich Hoepner,https://en.wikipedia.org/wiki/Erich_Hoepner,materially_inflated,high,17,1 structurally suspect rows; campaign reduction 1→0; rank moved materially after verification,victory count dropped by 6,unresolved_after_review,material_change,10,10,B=9; O=1; C=0; W=0,B=9; O=1; C=0; W=0,7,7,V=6; D=1; N=0; U=3,V=6; D=1; N=0; U=3,0,3,2,2,,184.0,,175.0,,outside_trust_headline,,caution
Gustav Horn,https://en.wikipedia.org/wiki/Gustav_Horn,materially_inflated,high,17,1 structurally suspect rows; 2 downgraded broad rows; rank moved materially after verification,known outcomes dropped by 3,unresolved_after_review,stable_after_review,10,10,B=8; O=0; C=0; W=2,B=8; O=0; C=0; W=2,8,8,V=5; D=3; N=0; U=2,V=5; D=3; N=0; U=2,0,2,2,2,,,,,,,,
Alexander Suvorov,https://en.wikipedia.org/wiki/Alexander_Suvorov,mildly_inflated,moderate,16,2 structurally suspect rows; 3 downgraded broad rows; war-page reduction 5→1; campaign reduction 1→0; strict engagements reduced by 4,,unresolved_after_review,stable_after_review,20,20,B=19; O=0; C=0; W=1,B=19; O=0; C=0; W=1,18,18,V=17; D=1; N=0; U=2,V=17; D=1; N=0; U=2,0,2,1,1,1.0,1.0,1.0,1.0,robust_elite_core,robust_elite_core,high,high
"Henri de La Tour d'Auvergne, Viscount of Turenne",https://en.wikipedia.org/wiki/Henri_de_La_Tour_d%27Auvergne%2C_Viscount_of_Turenne,high_priority_manual_audit,moderate,16,2 structurally suspect rows; 1 downgraded broad rows; war-page reduction 6→3; strict engagements reduced by 3; rank moved materially after verification,multiple surviving battle pages still unresolved; headline rank with softened trust confidence,corrected_but_partially_unresolved,material_change,20,20,B=17; O=0; C=0; W=3,B=17; O=0; C=0; W=3,12,15,V=11; D=1; N=0; U=8,V=11; D=1; N=3; U=5,3,5,4,4,20.0,30.0,18.0,32.0,high_confidence_upper_band,high_confidence_upper_band,moderate,moderate
Jassa Singh Ahluwalia,https://en.wikipedia.org/wiki/Jassa_Singh_Ahluwalia,materially_inflated,high,16,1 structurally suspect rows; 1 downgraded broad rows; war-page reduction 2→1; campaign reduction 1→0; rank moved materially after verification,,corrected_but_partially_unresolved,material_change,11,11,B=10; O=0; C=0; W=1,B=10; O=0; C=0; W=1,7,8,V=6; D=0; N=1; U=4,V=6; D=1; N=1; U=3,1,3,3,3,51.0,,39.0,,model_sensitive_band,,caution,
Ambrogio Spinola,https://en.wikipedia.org/wiki/Ambrogio_Spinola,materially_inflated,high,16,1 structurally suspect rows; 2 downgraded broad rows; strict engagements reduced by 3; rank moved materially after verification,,unresolved_after_review,stable_after_review,11,11,B=8; O=0; C=0; W=3,B=8; O=0; C=0; W=3,8,8,V=6; D=2; N=0; U=3,V=6; D=2; N=0; U=3,0,3,3,3,,,,,,,,
Cardinal-Infante Ferdinand of Austria,https://en.wikipedia.org/wiki/Cardinal-Infante_Ferdinand_of_Austria,materially_inflated,high,16,2 structurally suspect rows; 1 downgraded broad rows; rank moved materially after verification,,unresolved_after_review,stable_after_review,9,9,B=8; O=0; C=0; W=1,B=8; O=0; C=0; W=1,7,7,V=7; D=0; N=0; U=2,V=7; D=0; N=0; U=2,0,2,2,2,133.0,129.0,123.0,121.0,outside_trust_headline,outside_trust_headline,caution,caution
Gebhard Leberecht von Blücher,https://en.wikipedia.org/wiki/Gebhard_Leberecht_von_Bl%C3%BCcher,materially_inflated,high,16,3 structurally suspect rows; rank moved materially after verification,,unresolved_after_review,stable_after_review,20,20,B=18; O=0; C=0; W=2,B=18; O=0; C=0; W=2,17,17,V=9; D=8; N=0; U=3,V=9; D=8; N=0; U=3,0,3,1,1,,,,,,,,
Charles X Gustav,https://en.wikipedia.org/wiki/Charles_X_Gustav,materially_inflated,high,15,4 downgraded broad rows; strict engagements reduced by 3; rank moved materially after verification,,confirmed_no_change,material_change,13,13,B=13; O=0; C=0; W=0,B=13; O=0; C=0; W=0,13,13,V=9; D=3; N=1; U=0,V=9; D=3; N=1; U=0,0,0,0,0,69.0,,111.0,,model_sensitive_band,,caution,
Abdulaziz Ibn Saud,https://en.wikipedia.org/wiki/Ibn_Saud,materially_inflated,high,15,2 structurally suspect rows; 3 downgraded broad rows; rank moved materially after verification,,unresolved_after_review,stable_after_review,12,12,B=12; O=0; C=0; W=0,B=12; O=0; C=0; W=0,6,6,V=4; D=2; N=0; U=6,V=4; D=2; N=0; U=6,0,6,6,6,,,,,,,,
Craterus,https://en.wikipedia.org/wiki/Craterus,materially_inflated,high,15,1 structurally suspect rows; 1 downgraded broad rows; rank moved materially after verification,,unresolved_after_review,stable_after_review,9,9,B=7; O=0; C=0; W=2,B=7; O=0; C=0; W=2,8,8,V=7; D=1; N=0; U=1,V=7; D=1; N=0; U=1,0,1,1,1,,,,,,,,
Robert Clive,https://en.wikipedia.org/wiki/Robert_Clive,materially_inflated,high,15,1 downgraded broad rows; war-page reduction 2→0; rank moved materially after verification,victory count dropped by 7,unresolved_after_review,material_change,9,9,B=8; O=0; C=0; W=1,B=8; O=0; C=0; W=1,7,7,V=6; D=1; N=0; U=2,V=6; D=1; N=0; U=2,0,2,2,2,,140.0,,130.0,,outside_trust_headline,,caution
Shimazu Yoshihiro,https://en.wikipedia.org/wiki/Shimazu_Yoshihiro,materially_inflated,high,15,1 structurally suspect rows; 1 downgraded broad rows; rank moved materially after verification,,unresolved_after_review,stable_after_review,11,11,B=11; O=0; C=0; W=0,B=11; O=0; C=0; W=0,9,9,V=6; D=3; N=0; U=2,V=6; D=3; N=0; U=2,0,2,2,2,,,,,,,,
Giovanni Messe,https://en.wikipedia.org/wiki/Giovanni_Messe,materially_inflated,high,15,2 structurally suspect rows; 1 downgraded broad rows; rank moved materially after verification,,unresolved_after_review,stable_after_review,9,9,B=4; O=3; C=0; W=2,B=4; O=3; C=0; W=2,7,7,V=3; D=2; N=1; U=2,V=3; D=2; N=1; U=2,0,2,1,1,,,,,,,,
Jean Victor Marie Moreau,https://en.wikipedia.org/wiki/Jean_Victor_Marie_Moreau,materially_inflated,high,14,1 structurally suspect rows; 2 downgraded broad rows; war-page reduction 2→0; campaign reduction 1→0; strict engagements reduced by 3; rank moved materially after verification,,corrected,stable_after_review,22,22,B=22; O=0; C=0; W=0,B=22; O=0; C=0; W=0,20,21,V=14; D=5; N=1; U=2,V=15; D=5; N=1; U=1,1,1,0,0,27.0,23.0,41.0,30.0,high_confidence_upper_band,high_confidence_upper_band,moderate,moderate
Stanisław Żółkiewski,https://en.wikipedia.org/wiki/Stanis%C5%82aw_%C5%BB%C3%B3%C5%82kiewski,mildly_inflated,moderate,14,4 downgraded broad rows; war-page reduction 4→0; strict engagements reduced by 4; rank moved materially after verification,,corrected_but_partially_unresolved,material_change,11,11,B=11; O=0; C=0; W=0,B=11; O=0; C=0; W=0,9,10,V=8; D=1; N=0; U=2,V=9; D=1; N=0; U=1,1,1,1,1,34.0,26.0,29.0,22.0,high_confidence_upper_band,high_confidence_upper_band,moderate,moderate
Gustavus Adolphus,https://en.wikipedia.org/wiki/Gustavus_Adolphus,materially_inflated,high,14,4 downgraded broad rows; strict engagements reduced by 3; rank moved materially after verification,known outcomes dropped by 3,unresolved_after_review,stable_after_review,20,20,B=16; O=0; C=0; W=4,B=16; O=0; C=0; W=4,12,12,V=9; D=3; N=0; U=8,V=9; D=3; N=0; U=8,0,8,7,7,,,,,,,,
"Édouard Mortier, Duke of Treviso",https://en.wikipedia.org/wiki/%C3%89douard_Mortier%2C_Duke_of_Treviso,materially_inflated,high,14,3 structurally suspect rows; rank moved materially after verification,,unresolved_after_review,stable_after_review,22,22,B=18; O=0; C=0; W=4,B=18; O=0; C=0; W=4,18,18,V=13; D=5; N=0; U=4,V=13; D=5; N=0; U=4,0,4,2,2,,,,,,,,
Date Masamune,https://en.wikipedia.org/wiki/Date_Masamune,materially_inflated,high,14,1 structurally suspect rows; campaign reduction 1→0; rank moved materially after verification,,unresolved_after_review,stable_after_review,7,7,B=6; O=0; C=0; W=1,B=6; O=0; C=0; W=1,6,6,V=5; D=0; N=0; U=1,V=5; D=0; N=0; U=1,0,1,1,1,104.0,106.0,37.0,40.0,outside_trust_headline,outside_trust_headline,caution,caution
Bertrand du Guesclin,https://en.wikipedia.org/wiki/Bertrand_du_Guesclin,materially_inflated,high,14,1 structurally suspect rows; 1 downgraded broad rows; rank moved materially after verification,,unresolved_after_review,stable_after_review,10,10,B=8; O=0; C=0; W=2,B=8; O=0; C=0; W=2,9,9,V=7; D=2; N=0; U=1,V=7; D=2; N=0; U=1,0,1,1,1,,,,,,,,
Wolfram von Richthofen,https://en.wikipedia.org/wiki/Wolfram_von_Richthofen,materially_inflated,high,14,1 structurally suspect rows; 2 downgraded broad rows; rank moved materially after verification,,unresolved_after_review,stable_after_review,8,8,B=7; O=1; C=0; W=0,B=7; O=1; C=0; W=0,5,5,V=5; D=0; N=0; U=3,V=5; D=0; N=0; U=3,0,3,3,3,,,,,,,,
Prince Eugene of Savoy,https://en.wikipedia.org/wiki/Prince_Eugene_of_Savoy,materially_inflated,high,14,4 downgraded broad rows; strict engagements reduced by 4; rank moved materially after verification,,corrected_but_partially_unresolved,stable_after_review,26,26,B=22; O=0; C=0; W=4,B=22; O=0; C=0; W=4,17,19,V=10; D=7; N=0; U=9,V=10; D=7; N=2; U=7,2,7,6,6,,,,,,,,
Karl Philipp von Wrede,https://en.wikipedia.org/wiki/Karl_Philipp_von_Wrede,materially_inflated,high,14,1 structurally suspect rows; 1 downgraded broad rows; rank moved materially after verification,,unresolved_after_review,stable_after_review,11,11,B=9; O=0; C=0; W=2,B=9; O=0; C=0; W=2,10,10,V=7; D=3; N=0; U=1,V=7; D=3; N=0; U=1,0,1,1,1,,,,,,,,
"Jean-Baptiste Drouet, Comte d'Erlon",https://en.wikipedia.org/wiki/Jean-Baptiste_Drouet%2C_Comte_d%27Erlon,materially_inflated,high,14,1 structurally suspect rows; rank moved materially after verification,,unresolved_after_review,stable_after_review,6,6,B=5; O=0; C=0; W=1,B=5; O=0; C=0; W=1,5,5,V=4; D=1; N=0; U=1,V=4; D=1; N=0; U=1,0,1,1,1,,,,,,,,
Oliver Cromwell,https://en.wikipedia.org/wiki/Oliver_Cromwell,mildly_inflated,moderate,13,4 downgraded broad rows; strict engagements reduced by 3; rank moved materially after verification,,unresolved_after_review,stable_after_review,19,19,B=15; O=0; C=0; W=4,B=15; O=0; C=0; W=4,6,6,V=6; D=0; N=0; U=13,V=6; D=0; N=0; U=13,0,13,13,13,68.0,70.0,71.0,74.0,model_sensitive_band,model_sensitive_band,caution,caution
Amr ibn al-As,https://en.wikipedia.org/wiki/Amr_ibn_al-As,materially_inflated,high,13,1 downgraded broad rows; war-page reduction 1→0; rank moved materially after verification,,corrected_but_partially_unresolved,material_change,12,12,B=12; O=0; C=0; W=0,B=12; O=0; C=0; W=0,7,10,V=7; D=0; N=0; U=5,V=10; D=0; N=0; U=2,3,2,1,1,85.0,53.0,59.0,34.0,model_sensitive_band,model_sensitive_band,caution,moderate
Michel Ney,https://en.wikipedia.org/wiki/Michel_Ney,materially_inflated,high,13,4 structurally suspect rows; rank moved materially after verification,,corrected_but_partially_unresolved,stable_after_review,42,42,B=38; O=0; C=0; W=4,B=38; O=0; C=0; W=4,29,32,V=16; D=13; N=0; U=13,V=17; D=13; N=2; U=10,3,10,4,4,,,,,,,,
Auguste de Marmont,https://en.wikipedia.org/wiki/Auguste_de_Marmont,materially_inflated,high,13,2 structurally suspect rows; 1 downgraded broad rows; rank moved materially after verification,,corrected_but_partially_unresolved,stable_after_review,22,22,B=19; O=0; C=0; W=3,B=19; O=0; C=0; W=3,19,20,V=12; D=7; N=0; U=3,V=12; D=7; N=1; U=2,1,2,1,1,,,,,,,,
Murad II,https://en.wikipedia.org/wiki/Murad_II,materially_inflated,high,13,1 structurally suspect rows; 2 downgraded broad rows; rank moved materially after verification,,corrected_but_partially_unresolved,stable_after_review,13,13,B=12; O=0; C=0; W=1,B=12; O=0; C=0; W=1,8,11,V=6; D=2; N=0; U=5,V=8; D=3; N=0; U=2,3,2,2,2,,,,,,,,
Maurice de Saxe,https://en.wikipedia.org/wiki/Maurice_de_Saxe,materially_inflated,high,13,1 structurally suspect rows; war-page reduction 2→1; rank moved materially after verification,,unresolved_after_review,stable_after_review,10,10,B=9; O=0; C=0; W=1,B=9; O=0; C=0; W=1,9,9,V=9; D=0; N=0; U=1,V=9; D=0; N=0; U=1,0,1,1,1,157.0,157.0,146.0,147.0,outside_trust_headline,outside_trust_headline,caution,caution
Hulusi Akar,https://en.wikipedia.org/wiki/Hulusi_Akar,materially_inflated,stable,13,4 structurally suspect rows,,corrected_but_partially_unresolved,stable_after_review,13,13,B=1; O=9; C=0; W=3,B=1; O=9; C=0; W=3,4,5,V=4; D=0; N=0; U=9,V=4; D=0; N=1; U=8,1,8,4,4,,,,,,,,
Kuroda Yoshitaka,https://en.wikipedia.org/wiki/Kuroda_Yoshitaka,materially_inflated,high,13,1 structurally suspect rows; rank moved materially after verification,,corrected_but_partially_unresolved,material_change,10,10,B=10; O=0; C=0; W=0,B=10; O=0; C=0; W=0,5,6,V=5; D=0; N=0; U=5,V=5; D=0; N=1; U=4,1,4,4,4,188.0,169.0,147.0,145.0,outside_trust_headline,outside_trust_headline,caution,caution
André Masséna,https://en.wikipedia.org/wiki/Andr%C3%A9_Mass%C3%A9na,mildly_inflated,moderate,12,2 structurally suspect rows; 1 downgraded broad rows; war-page reduction 4→3; campaign reduction 2→0; strict engagements reduced by 3; rank moved materially after verification,multiple surviving battle pages still unresolved,corrected_but_partially_unresolved,material_change,43,43,B=40; O=0; C=0; W=3,B=40; O=0; C=0; W=3,36,37,V=29; D=7; N=0; U=7,V=29; D=7; N=1; U=6,1,6,5,5,14.0,19.0,22.0,29.0,strong_upper_tier,strong_upper_tier,high,high
John III Sobieski,https://en.wikipedia.org/wiki/John_III_Sobieski,materially_inflated,high,12,2 downgraded broad rows; war-page reduction 3→1; rank moved materially after verification,,corrected,material_change,11,11,B=10; O=0; C=0; W=1,B=10; O=0; C=0; W=1,9,10,V=8; D=1; N=0; U=2,V=8; D=2; N=0; U=1,1,1,0,0,50.0,,55.0,,high_confidence_upper_band,,moderate,
Konstantin Rokossovsky,https://en.wikipedia.org/wiki/Konstantin_Rokossovsky,materially_inflated,high,12,3 downgraded broad rows; rank moved materially after verification,,corrected,material_change,17,17,B=10; O=7; C=0; W=0,B=10; O=7; C=0; W=0,15,17,V=12; D=3; N=0; U=2,V=14; D=3; N=0; U=0,2,0,0,0,,48.0,,72.0,,model_sensitive_band,,caution
Michiel de Ruyter,https://en.wikipedia.org/wiki/Michiel_de_Ruyter,materially_inflated,high,12,1 structurally suspect rows; 1 downgraded broad rows; rank moved materially after verification,,corrected_but_partially_unresolved,stable_after_review,15,15,B=10; O=0; C=0; W=5,B=10; O=0; C=0; W=5,10,11,V=7; D=2; N=1; U=5,V=7; D=2; N=2; U=4,1,4,4,4,,,,,,,,
Sayenqueraghta,https://en.wikipedia.org/wiki/Sayenqueraghta,materially_inflated,high,12,1 structurally suspect rows; rank moved materially after verification,,corrected,stable_after_review,9,9,B=7; O=0; C=0; W=2,B=7; O=0; C=0; W=2,8,9,V=6; D=1; N=1; U=1,V=6; D=1; N=2; U=0,1,0,0,0,,,,,,,,
Honda Tadakatsu,https://en.wikipedia.org/wiki/Honda_Tadakatsu,materially_inflated,high,12,1 structurally suspect rows; rank moved materially after verification,,corrected_but_partially_unresolved,stable_after_review,10,10,B=9; O=0; C=0; W=1,B=9; O=0; C=0; W=1,8,9,V=7; D=1; N=0; U=2,V=7; D=1; N=1; U=1,1,1,1,1,,,,,,,,
Ernst Gideon von Laudon,https://en.wikipedia.org/wiki/Ernst_Gideon_von_Laudon,materially_inflated,high,12,1 structurally suspect rows; 1 downgraded broad rows; rank moved materially after verification,,unresolved_after_review,stable_after_review,12,12,B=9; O=0; C=0; W=3,B=9; O=0; C=0; W=3,11,11,V=7; D=3; N=1; U=1,V=7; D=3; N=1; U=1,0,1,1,1,,,,,,,,
Suhayl al-Hasan,https://en.wikipedia.org/wiki/Suhayl_al-Hasan,materially_inflated,high,12,4 downgraded broad rows; strict engagements reduced by 3; rank moved materially after verification,,corrected_but_partially_unresolved,stable_after_review,26,26,B=7; O=19; C=0; W=0,B=7; O=19; C=0; W=0,8,9,V=4; D=2; N=0; U=18,V=4; D=2; N=1; U=17,1,17,14,14,,,,,,,,
Lennart Torstensson,https://en.wikipedia.org/wiki/Lennart_Torstensson,materially_inflated,high,12,1 structurally suspect rows; rank moved materially after verification,,unresolved_after_review,stable_after_review,12,12,B=10; O=0; C=0; W=2,B=10; O=0; C=0; W=2,8,8,V=8; D=0; N=0; U=4,V=8; D=0; N=0; U=4,0,4,4,4,146.0,145.0,125.0,126.0,outside_trust_headline,outside_trust_headline,caution,caution
Zhang Fakui,https://en.wikipedia.org/wiki/Zhang_Fakui,materially_inflated,high,12,2 downgraded broad rows; rank moved materially after verification,,unresolved_after_review,stable_after_review,9,9,B=6; O=2; C=0; W=1,B=6; O=2; C=0; W=1,8,8,V=4; D=4; N=0; U=1,V=4; D=4; N=0; U=1,0,1,1,1,,,,,,,,
Xue Yue,https://en.wikipedia.org/wiki/Xue_Yue,materially_inflated,high,12,3 downgraded broad rows; strict engagements reduced by 3; rank moved materially after verification,,unresolved_after_review,stable_after_review,14,14,B=11; O=2; C=0; W=1,B=11; O=2; C=0; W=1,11,11,V=5; D=6; N=0; U=3,V=5; D=6; N=0; U=3,0,3,2,2,,,,,,,,
Louis-Gabriel Suchet,https://en.wikipedia.org/wiki/Louis-Gabriel_Suchet,mildly_inflated,moderate,11,1 structurally suspect rows; campaign reduction 1→0; rank moved materially after verification,headline rank with softened trust confidence,corrected_but_partially_unresolved,stable_after_review,21,21,B=19; O=0; C=0; W=2,B=19; O=0; C=0; W=2,18,19,V=15; D=3; N=0; U=3,V=16; D=3; N=0; U=2,1,2,2,2,22.0,21.0,27.0,25.0,high_confidence_upper_band,high_confidence_upper_band,moderate,moderate
George S. Patton,https://en.wikipedia.org/wiki/George_S._Patton,materially_inflated,high,11,1 structurally suspect rows; 1 downgraded broad rows; rank moved materially after verification,,unresolved_after_review,stable_after_review,11,11,B=6; O=5; C=0; W=0,B=6; O=5; C=0; W=0,10,10,V=9; D=0; N=1; U=1,V=9; D=0; N=1; U=1,0,1,1,1,42.0,42.0,47.0,49.0,model_sensitive_band,model_sensitive_band,caution,caution
Ferdinand Foch,https://en.wikipedia.org/wiki/Ferdinand_Foch,materially_inflated,high,11,3 downgraded broad rows; rank moved materially after verification,,corrected_but_partially_unresolved,stable_after_review,19,19,B=18; O=1; C=0; W=0,B=18; O=1; C=0; W=0,14,15,V=11; D=1; N=2; U=5,V=11; D=1; N=3; U=4,1,4,1,1,60.0,63.0,81.0,83.0,model_sensitive_band,model_sensitive_band,caution,caution
Maeda Toshiie,https://en.wikipedia.org/wiki/Maeda_Toshiie,materially_inflated,high,11,war-page reduction 1→0; rank moved materially after verification,victory count dropped by 8,corrected_but_partially_unresolved,material_change,11,11,B=10; O=0; C=0; W=1,B=10; O=0; C=0; W=1,9,10,V=8; D=1; N=0; U=2,V=8; D=1; N=1; U=1,1,1,1,1,,113.0,,102.0,,outside_trust_headline,,caution
Eugène de Beauharnais,https://en.wikipedia.org/wiki/Eug%C3%A8ne_de_Beauharnais,materially_inflated,high,11,1 structurally suspect rows; 2 downgraded broad rows; rank moved materially after verification,,unresolved_after_review,stable_after_review,22,22,B=18; O=0; C=0; W=4,B=18; O=0; C=0; W=4,17,17,V=9; D=8; N=0; U=5,V=9; D=8; N=0; U=5,0,5,3,3,,,,,,,,
Abdul Rashid Dostum,https://en.wikipedia.org/wiki/Abdul_Rashid_Dostum,materially_inflated,high,11,3 downgraded broad rows; rank moved materially after verification,,unresolved_after_review,stable_after_review,8,8,B=5; O=2; C=0; W=1,B=5; O=2; C=0; W=1,4,4,V=3; D=1; N=0; U=4,V=3; D=1; N=0; U=4,0,4,3,3,,,,,,,,
Faisal bin Hussein,https://en.wikipedia.org/wiki/Faisal_I,materially_inflated,high,11,3 downgraded broad rows; rank moved materially after verification,,corrected_but_partially_unresolved,stable_after_review,9,9,B=7; O=0; C=0; W=2,B=7; O=0; C=0; W=2,5,7,V=4; D=1; N=0; U=4,V=4; D=3; N=0; U=2,2,2,1,1,,,,,,,,
Bai Chongxi,https://en.wikipedia.org/wiki/Bai_Chongxi,materially_inflated,high,11,3 downgraded broad rows; strict engagements reduced by 3; rank moved materially after verification,,unresolved_after_review,stable_after_review,15,15,B=9; O=2; C=0; W=4,B=9; O=2; C=0; W=4,11,11,V=4; D=6; N=1; U=4,V=4; D=6; N=1; U=4,0,4,3,3,,,,,,,,
Subutai,https://en.wikipedia.org/wiki/Subutai,structurally_clean,moderate,10,1 downgraded broad rows; campaign reduction 1→0; rank moved materially after verification,headline rank with softened trust confidence,corrected,material_change,16,16,B=13; O=0; C=0; W=3,B=13; O=0; C=0; W=3,14,16,V=13; D=1; N=0; U=2,V=14; D=2; N=0; U=0,2,0,0,0,8.0,8.0,6.0,8.0,high_confidence_upper_band,robust_elite_core,moderate,high
Louis-Nicolas Davout,https://en.wikipedia.org/wiki/Louis-Nicolas_Davout,mildly_inflated,stable,10,3 structurally suspect rows; campaign reduction 3→0,multiple surviving battle pages still unresolved,unresolved_after_review,stable_after_review,25,25,B=22; O=0; C=0; W=3,B=22; O=0; C=0; W=3,20,20,V=15; D=5; N=0; U=5,V=15; D=5; N=0; U=5,0,5,2,2,10.0,9.0,11.0,10.0,robust_elite_core,robust_elite_core,high,high
Ögedei Khan,https://en.wikipedia.org/wiki/%C3%96gedei_Khan,materially_inflated,high,10,1 structurally suspect rows; 1 downgraded broad rows; rank moved materially after verification,,corrected,material_change,12,12,B=9; O=0; C=0; W=3,B=9; O=0; C=0; W=3,10,12,V=9; D=1; N=0; U=2,V=10; D=2; N=0; U=0,2,0,0,0,32.0,45.0,28.0,58.0,model_sensitive_band,model_sensitive_band,caution,caution
Maharaja Ranjit Singh,https://en.wikipedia.org/wiki/Ranjit_Singh,materially_inflated,high,10,1 structurally suspect rows; rank moved materially after verification,,corrected_but_partially_unresolved,stable_after_review,11,11,B=8; O=0; C=0; W=3,B=8; O=0; C=0; W=3,8,9,V=6; D=2; N=0; U=3,V=7; D=2; N=0; U=2,1,2,2,2,,,,,,,,
Matvei Platov,https://en.wikipedia.org/wiki/Matvei_Platov,materially_inflated,high,10,1 structurally suspect rows; campaign reduction 1→0; rank moved materially after verification,,confirmed_no_change,material_change,10,10,B=10; O=0; C=0; W=0,B=10; O=0; C=0; W=0,9,9,V=8; D=1; N=0; U=1,V=8; D=1; N=0; U=1,0,1,0,0,92.0,98.0,92.0,90.0,model_sensitive_band,model_sensitive_band,caution,caution
Hari Singh Nalwa,https://en.wikipedia.org/wiki/Hari_Singh_Nalwa,materially_inflated,high,10,1 structurally suspect rows; war-page reduction 2→1; rank moved materially after verification,,corrected_but_partially_unresolved,material_change,11,11,B=10; O=0; C=0; W=1,B=10; O=0; C=0; W=1,9,10,V=7; D=1; N=1; U=2,V=8; D=1; N=1; U=1,1,1,1,1,94.0,85.0,87.0,76.0,model_sensitive_band,model_sensitive_band,caution,moderate
Katō Kiyomasa,https://en.wikipedia.org/wiki/Kat%C5%8D_Kiyomasa,materially_inflated,high,10,1 structurally suspect rows; campaign reduction 1→0; rank moved materially after verification,,corrected_but_partially_unresolved,material_change,12,12,B=11; O=0; C=0; W=1,B=11; O=0; C=0; W=1,7,10,V=6; D=1; N=0; U=5,V=8; D=1; N=1; U=2,3,2,2,2,96.0,58.0,85.0,50.0,model_sensitive_band,model_sensitive_band,caution,caution
Alexander the Great,https://en.wikipedia.org/wiki/Alexander_the_Great,mildly_inflated,moderate,10,2 structurally suspect rows; rank moved materially after verification,,corrected_but_partially_unresolved,material_change,18,18,B=17; O=0; C=0; W=1,B=17; O=0; C=0; W=1,8,11,V=7; D=1; N=0; U=10,V=10; D=1; N=0; U=7,3,7,7,7,,29.0,,26.0,,model_sensitive_band,,caution
Charat Singh,https://en.wikipedia.org/wiki/Charat_Singh,materially_inflated,high,10,2 downgraded broad rows; rank moved materially after verification,,corrected_but_partially_unresolved,stable_after_review,11,11,B=10; O=0; C=0; W=1,B=10; O=0; C=0; W=1,6,8,V=5; D=0; N=1; U=5,V=5; D=2; N=1; U=3,2,3,3,3,,,,,,,,
Jean-Baptiste Bessières,https://en.wikipedia.org/wiki/Jean-Baptiste_Bessi%C3%A8res,materially_inflated,high,10,2 structurally suspect rows; rank moved materially after verification,,unresolved_after_review,stable_after_review,17,17,B=13; O=0; C=0; W=4,B=13; O=0; C=0; W=4,15,15,V=9; D=6; N=0; U=2,V=9; D=6; N=0; U=2,0,2,1,1,,,,,,,,
Gerd von Rundstedt,https://en.wikipedia.org/wiki/Gerd_von_Rundstedt,materially_inflated,high,10,1 structurally suspect rows; 4 downgraded broad rows; rank moved materially after verification,,corrected_but_partially_unresolved,stable_after_review,20,20,B=16; O=4; C=0; W=0,B=16; O=4; C=0; W=0,10,11,V=7; D=3; N=0; U=10,V=7; D=4; N=0; U=9,1,9,8,8,,,,,,,,
Belisarius,https://en.wikipedia.org/wiki/Belisarius,materially_inflated,high,9,1 downgraded broad rows; war-page reduction 4→3; rank moved materially after verification,,corrected,stable_after_review,18,18,B=15; O=0; C=0; W=3,B=15; O=0; C=0; W=3,17,18,V=11; D=4; N=1; U=1,V=11; D=4; N=2; U=0,1,0,0,0,35.0,33.0,40.0,39.0,high_confidence_upper_band,high_confidence_upper_band,moderate,moderate
Fedor von Bock,https://en.wikipedia.org/wiki/Fedor_von_Bock,materially_inflated,high,9,4 downgraded broad rows; rank moved materially after verification,,unresolved_after_review,stable_after_review,18,18,B=13; O=5; C=0; W=0,B=13; O=5; C=0; W=0,13,13,V=11; D=2; N=0; U=5,V=11; D=2; N=0; U=5,0,5,4,4,52.0,55.0,75.0,79.0,model_sensitive_band,model_sensitive_band,caution,caution
Claude-Victor Perrin,https://en.wikipedia.org/wiki/Claude-Victor_Perrin,materially_inflated,high,9,2 structurally suspect rows; rank moved materially after verification,,unresolved_after_review,stable_after_review,28,28,B=26; O=0; C=0; W=2,B=26; O=0; C=0; W=2,22,22,V=13; D=9; N=0; U=6,V=13; D=9; N=0; U=6,0,6,2,2,,,,,,,,
Konishi Yukinaga,https://en.wikipedia.org/wiki/Konishi_Yukinaga,materially_inflated,high,9,1 structurally suspect rows; 1 downgraded broad rows; campaign reduction 1→0; rank moved materially after verification,,unresolved_after_review,material_change,13,13,B=13; O=0; C=0; W=0,B=13; O=0; C=0; W=0,11,11,V=8; D=3; N=0; U=2,V=8; D=3; N=0; U=2,0,2,2,2,73.0,79.0,90.0,93.0,model_sensitive_band,model_sensitive_band,caution,caution
Omar Bradley,https://en.wikipedia.org/wiki/Omar_Bradley,materially_inflated,high,9,1 structurally suspect rows; 1 downgraded broad rows; rank moved materially after verification,,unresolved_after_review,stable_after_review,13,13,B=6; O=7; C=0; W=0,B=6; O=7; C=0; W=0,12,12,V=10; D=2; N=0; U=1,V=10; D=2; N=0; U=1,0,1,1,1,,,,,,,,
François Joseph Lefebvre,https://en.wikipedia.org/wiki/Fran%C3%A7ois_Joseph_Lefebvre,materially_inflated,high,9,2 downgraded broad rows; rank moved materially after verification,,unresolved_after_review,stable_after_review,13,13,B=11; O=0; C=0; W=2,B=11; O=0; C=0; W=2,11,11,V=6; D=5; N=0; U=2,V=6; D=5; N=0; U=2,0,2,2,2,,,,,,,,
Georg von Küchler,https://en.wikipedia.org/wiki/Georg_von_K%C3%BCchler,materially_inflated,high,9,2 downgraded broad rows; rank moved materially after verification,,unresolved_after_review,stable_after_review,12,12,B=6; O=6; C=0; W=0,B=6; O=6; C=0; W=0,11,11,V=8; D=3; N=0; U=1,V=8; D=3; N=0; U=1,0,1,1,1,,,,,,,,
Joseph Souham,https://en.wikipedia.org/wiki/Joseph_Souham,materially_inflated,high,9,1 downgraded broad rows; rank moved materially after verification,,unresolved_after_review,stable_after_review,8,8,B=8; O=0; C=0; W=0,B=8; O=0; C=0; W=0,7,7,V=6; D=1; N=0; U=1,V=6; D=1; N=0; U=1,0,1,1,1,,,,,,,,
"Archduke Charles, Duke of Teschen",https://en.wikipedia.org/wiki/Archduke_Charles%2C_Duke_of_Teschen,materially_inflated,high,9,1 structurally suspect rows; 1 downgraded broad rows; rank moved materially after verification,,corrected_but_partially_unresolved,stable_after_review,27,27,B=25; O=0; C=0; W=2,B=25; O=0; C=0; W=2,20,21,V=11; D=9; N=0; U=7,V=11; D=9; N=1; U=6,1,6,3,3,,,,,,,,
Valery Gerasimov,https://en.wikipedia.org/wiki/Valery_Gerasimov,materially_inflated,high,9,2 downgraded broad rows; rank moved materially after verification,,unresolved_after_review,stable_after_review,10,10,B=3; O=2; C=0; W=5,B=3; O=2; C=0; W=5,4,4,V=4; D=0; N=0; U=6,V=4; D=0; N=0; U=6,0,6,3,3,,,,,,,,
Tommy Franks,https://en.wikipedia.org/wiki/Tommy_Franks,materially_inflated,high,9,1 structurally suspect rows; 1 downgraded broad rows; rank moved materially after verification,,corrected_but_partially_unresolved,stable_after_review,15,15,B=5; O=7; C=0; W=3,B=5; O=7; C=0; W=3,5,6,V=5; D=0; N=0; U=10,V=6; D=0; N=0; U=9,1,9,8,8,,,,,,,,
Stilicho,https://en.wikipedia.org/wiki/Stilicho,materially_inflated,high,9,1 downgraded broad rows; rank moved materially after verification,,unresolved_after_review,stable_after_review,8,8,B=6; O=0; C=0; W=2,B=6; O=0; C=0; W=2,6,6,V=6; D=0; N=0; U=2,V=6; D=0; N=0; U=2,0,2,2,2,,,,,,,,
Qutb ud-Din Aibak,https://en.wikipedia.org/wiki/Qutb_ud-Din_Aibak,materially_inflated,high,9,1 downgraded broad rows; rank moved materially after verification,,unresolved_after_review,stable_after_review,7,7,B=7; O=0; C=0; W=0,B=7; O=0; C=0; W=0,6,6,V=6; D=0; N=0; U=1,V=6; D=0; N=0; U=1,0,1,1,1,,,,,,,,
Hans Karl von Diebitsch,https://en.wikipedia.org/wiki/Hans_Karl_von_Diebitsch,materially_inflated,high,9,1 downgraded broad rows; rank moved materially after verification,,corrected,stable_after_review,7,7,B=7; O=0; C=0; W=0,B=7; O=0; C=0; W=0,5,6,V=4; D=1; N=0; U=2,V=5; D=1; N=0; U=1,1,1,0,0,,,,,,,,
Mahmud Pasha Angelović,https://en.wikipedia.org/wiki/Mahmud_Pasha_Angelovi%C4%87,materially_inflated,high,8,2 downgraded broad rows; war-page reduction 1→0; campaign reduction 1→0; rank moved materially after verification,,corrected_but_partially_unresolved,material_change,11,11,B=11; O=0; C=0; W=0,B=11; O=0; C=0; W=0,9,10,V=8; D=1; N=0; U=2,V=9; D=1; N=0; U=1,1,1,1,1,30.0,25.0,26.0,24.0,high_confidence_upper_band,high_confidence_upper_band,moderate,moderate
Joachim Murat,https://en.wikipedia.org/wiki/Joachim_Murat,materially_inflated,high,8,2 structurally suspect rows; 1 downgraded broad rows; rank moved materially after verification,,corrected_but_partially_unresolved,stable_after_review,37,37,B=31; O=0; C=0; W=6,B=31; O=0; C=0; W=6,28,29,V=18; D=10; N=0; U=9,V=18; D=10; N=1; U=8,1,8,6,6,,,,,,,,
"François-Henri de Montmorency, duc de Luxembourg",https://en.wikipedia.org/wiki/Fran%C3%A7ois-Henri_de_Montmorency%2C_duc_de_Luxembourg,materially_inflated,high,8,rank moved materially after verification,,unresolved_after_review,stable_after_review,13,13,B=10; O=0; C=0; W=3,B=10; O=0; C=0; W=3,7,7,V=7; D=0; N=0; U=6,V=7; D=0; N=0; U=6,0,6,3,3,138.0,136.0,105.0,103.0,outside_trust_headline,outside_trust_headline,caution,caution
Nikolay Kamensky,https://en.wikipedia.org/wiki/Nikolay_Kamensky,materially_inflated,high,8,1 downgraded broad rows; rank moved materially after verification,,corrected_but_partially_unresolved,stable_after_review,11,11,B=10; O=0; C=0; W=1,B=10; O=0; C=0; W=1,8,9,V=7; D=1; N=0; U=3,V=7; D=1; N=1; U=2,1,2,1,1,,,,,,,,
Bairam Khan,https://en.wikipedia.org/wiki/Bairam_Khan,materially_inflated,high,8,1 downgraded broad rows; rank moved materially after verification,,unresolved_after_review,stable_after_review,9,9,B=9; O=0; C=0; W=0,B=9; O=0; C=0; W=0,7,7,V=6; D=1; N=0; U=2,V=6; D=1; N=0; U=2,0,2,1,1,,,,,,,,
Jean Lannes,https://en.wikipedia.org/wiki/Jean_Lannes,mildly_inflated,moderate,7,1 structurally suspect rows; 1 downgraded broad rows; war-page reduction 4→3; campaign reduction 1→0,,corrected_but_partially_unresolved,stable_after_review,28,28,B=25; O=0; C=0; W=3,B=25; O=0; C=0; W=3,26,27,V=24; D=2; N=0; U=2,V=24; D=2; N=1; U=1,1,1,1,1,11.0,10.0,12.0,11.0,robust_elite_core,robust_elite_core,high,high
Tolui,https://en.wikipedia.org/wiki/Tolui,materially_inflated,high,7,1 downgraded broad rows; rank moved materially after verification,,corrected,stable_after_review,10,10,B=7; O=0; C=0; W=3,B=7; O=0; C=0; W=3,8,10,V=8; D=0; N=0; U=2,V=9; D=1; N=0; U=0,2,0,0,0,59.0,56.0,31.0,38.0,model_sensitive_band,model_sensitive_band,caution,caution
Francis Vere,https://en.wikipedia.org/wiki/Francis_Vere,materially_inflated,high,7,1 downgraded broad rows; war-page reduction 1→0; rank moved materially after verification,,unresolved_after_review,material_change,18,18,B=18; O=0; C=0; W=0,B=18; O=0; C=0; W=0,17,17,V=14; D=3; N=0; U=1,V=14; D=3; N=0; U=1,0,1,1,1,66.0,71.0,78.0,81.0,model_sensitive_band,model_sensitive_band,caution,caution
Laurent de Gouvion Saint-Cyr,https://en.wikipedia.org/wiki/Laurent_de_Gouvion_Saint-Cyr,materially_inflated,high,7,1 structurally suspect rows; rank moved materially after verification,,unresolved_after_review,stable_after_review,20,20,B=18; O=0; C=0; W=2,B=18; O=0; C=0; W=2,16,16,V=11; D=5; N=0; U=4,V=11; D=5; N=0; U=4,0,4,2,2,,,,,,,,
"Charles William Ferdinand, Duke of Brunswick",https://en.wikipedia.org/wiki/Charles_William_Ferdinand%2C_Duke_of_Brunswick,materially_inflated,high,7,1 downgraded broad rows; rank moved materially after verification,,unresolved_after_review,stable_after_review,12,12,B=9; O=0; C=0; W=3,B=9; O=0; C=0; W=3,9,9,V=4; D=5; N=0; U=3,V=4; D=5; N=0; U=3,0,3,3,3,,,,,,,,
Heinz Guderian,https://en.wikipedia.org/wiki/Heinz_Guderian,materially_inflated,high,6,1 downgraded broad rows; rank moved materially after verification,multiple surviving battle pages still unresolved,corrected_but_partially_unresolved,material_change,13,13,B=13; O=0; C=0; W=0,B=13; O=0; C=0; W=0,9,11,V=8; D=1; N=0; U=4,V=8; D=1; N=2; U=2,2,2,2,2,25.0,41.0,19.0,35.0,high_confidence_upper_band,high_confidence_upper_band,moderate,moderate
"Sébastien Le Prestre, Marquis of Vauban",https://en.wikipedia.org/wiki/S%C3%A9bastien_Le_Prestre%2C_Marquis_of_Vauban,mildly_inflated,moderate,6,rank moved materially after verification,clean record with unresolved battle outcomes,corrected_but_partially_unresolved,stable_after_review,16,16,B=13; O=0; C=0; W=3,B=13; O=0; C=0; W=3,12,13,V=12; D=0; N=0; U=4,V=12; D=0; N=1; U=3,1,3,2,2,29.0,28.0,24.0,23.0,high_confidence_upper_band,high_confidence_upper_band,moderate,moderate
Hubert Gough,https://en.wikipedia.org/wiki/Hubert_Gough,materially_inflated,high,6,1 downgraded broad rows; rank moved materially after verification,multiple surviving battle pages still unresolved,corrected_but_partially_unresolved,material_change,22,22,B=20; O=2; C=0; W=0,B=20; O=2; C=0; W=0,15,17,V=12; D=2; N=1; U=7,V=12; D=2; N=3; U=5,2,5,1,1,38.0,40.0,38.0,47.0,high_confidence_upper_band,model_sensitive_band,moderate,caution
Khalid ibn al-Walid,https://en.wikipedia.org/wiki/Khalid_ibn_al-Walid,high_priority_manual_audit,moderate,6,1 downgraded broad rows; rank moved materially after verification,clean record with unresolved battle outcomes; multiple surviving battle pages still unresolved,corrected_but_partially_unresolved,material_change,41,41,B=40; O=0; C=0; W=1,B=40; O=0; C=0; W=1,33,39,V=31; D=0; N=2; U=8,V=37; D=0; N=2; U=2,7,2,2,2,41.0,38.0,50.0,42.0,model_sensitive_band,high_confidence_upper_band,caution,moderate
Kirill Meretskov,https://en.wikipedia.org/wiki/Kirill_Meretskov,mildly_inflated,moderate,6,3 downgraded broad rows,,unresolved_after_review,stable_after_review,13,13,B=4; O=7; C=0; W=2,B=4; O=7; C=0; W=2,10,10,V=8; D=2; N=0; U=3,V=8; D=2; N=0; U=3,0,3,3,3,,,,,,,,
Saladin,https://en.wikipedia.org/wiki/Saladin,mildly_inflated,moderate,6,rank moved materially after verification,,corrected_but_partially_unresolved,stable_after_review,21,21,B=21; O=0; C=0; W=0,B=21; O=0; C=0; W=0,10,11,V=10; D=0; N=0; U=11,V=10; D=0; N=1; U=10,1,10,10,10,115.0,118.0,112.0,116.0,outside_trust_headline,outside_trust_headline,caution,caution
Sidney Smith,https://en.wikipedia.org/wiki/Sidney_Smith_(Royal_Navy_officer),materially_inflated,high,6,rank moved materially after verification,,unresolved_after_review,stable_after_review,10,10,B=9; O=1; C=0; W=0,B=9; O=1; C=0; W=0,8,8,V=6; D=2; N=0; U=2,V=6; D=2; N=0; U=2,0,2,1,1,,,,,,,,
"Maurice, Prince of Orange",https://en.wikipedia.org/wiki/Maurice%2C_Prince_of_Orange,mildly_inflated,moderate,5,1 structurally suspect rows; 2 downgraded broad rows; war-page reduction 5→2,,unresolved_after_review,stable_after_review,38,38,B=36; O=0; C=0; W=2,B=36; O=0; C=0; W=2,35,35,V=28; D=7; N=0; U=3,V=28; D=7; N=0; U=3,0,3,3,3,12.0,12.0,14.0,13.0,robust_elite_core,robust_elite_core,very_high,very_high
Winfield Scott,https://en.wikipedia.org/wiki/Winfield_Scott,materially_inflated,high,5,rank moved materially after verification,,unresolved_after_review,material_change,12,12,B=8; O=0; C=0; W=4,B=8; O=0; C=0; W=4,8,8,V=7; D=1; N=0; U=4,V=7; D=1; N=0; U=4,0,4,1,1,61.0,67.0,49.0,51.0,model_sensitive_band,model_sensitive_band,caution,caution
Takeda Shingen,https://en.wikipedia.org/wiki/Takeda_Shingen,materially_inflated,high,5,rank moved materially after verification,,corrected_but_partially_unresolved,material_change,28,28,B=28; O=0; C=0; W=0,B=28; O=0; C=0; W=0,22,23,V=21; D=1; N=0; U=6,V=21; D=1; N=1; U=5,1,5,5,5,77.0,82.0,82.0,80.0,model_sensitive_band,model_sensitive_band,caution,caution
Baybars,https://en.wikipedia.org/wiki/Baybars,materially_inflated,high,5,rank moved materially after verification,,corrected,material_change,10,10,B=9; O=0; C=0; W=1,B=9; O=0; C=0; W=1,8,9,V=8; D=0; N=0; U=2,V=8; D=0; N=1; U=1,1,1,0,0,83.0,90.0,64.0,68.0,model_sensitive_band,model_sensitive_band,caution,caution
Tokugawa Ieyasu,https://en.wikipedia.org/wiki/Tokugawa_Ieyasu,materially_inflated,high,5,rank moved materially after verification,,unresolved_after_review,stable_after_review,14,14,B=13; O=0; C=0; W=1,B=13; O=0; C=0; W=1,12,12,V=10; D=2; N=0; U=2,V=10; D=2; N=0; U=2,0,2,2,2,,,,,,,,
Ōyama Iwao,https://en.wikipedia.org/wiki/%C5%8Cyama_Iwao,materially_inflated,high,5,rank moved materially after verification,,corrected,material_change,10,10,B=8; O=0; C=0; W=2,B=8; O=0; C=0; W=2,8,9,V=8; D=0; N=0; U=2,V=8; D=0; N=1; U=1,1,1,0,0,117.0,108.0,62.0,66.0,outside_trust_headline,outside_trust_headline,caution,caution
Publius Cornelius Scipio,https://en.wikipedia.org/wiki/Scipio_Africanus,materially_inflated,high,5,rank moved materially after verification,,corrected,material_change,12,12,B=10; O=0; C=0; W=2,B=10; O=0; C=0; W=2,9,12,V=9; D=0; N=0; U=3,V=9; D=3; N=0; U=0,3,0,0,0,161.0,,76.0,,outside_trust_headline,,caution,
Walter Krueger,https://en.wikipedia.org/wiki/Walter_Krueger,mildly_inflated,stable,4,1 structurally suspect rows; campaign reduction 1→0,,confirmed_no_change,material_change,12,12,B=9; O=3; C=0; W=0,B=9; O=3; C=0; W=0,12,12,V=11; D=0; N=0; U=0,V=11; D=0; N=0; U=0,0,0,0,0,49.0,54.0,53.0,59.0,model_sensitive_band,model_sensitive_band,caution,caution
Abu Ubayda ibn al-Jarrah,https://en.wikipedia.org/wiki/Abu_Ubayda_ibn_al-Jarrah,mildly_inflated,moderate,4,1 downgraded broad rows; campaign reduction 1→0; rank moved materially after verification,,corrected,material_change,13,13,B=12; O=0; C=0; W=1,B=12; O=0; C=0; W=1,11,13,V=10; D=1; N=0; U=2,V=12; D=1; N=0; U=0,2,0,0,0,67.0,61.0,60.0,57.0,model_sensitive_band,model_sensitive_band,caution,caution
"Alexander Farnese, Duke of Parma",https://en.wikipedia.org/wiki/Alexander_Farnese%2C_Duke_of_Parma,mildly_inflated,moderate,3,1 structurally suspect rows; 1 downgraded broad rows; war-page reduction 3→1,,unresolved_after_review,stable_after_review,20,20,B=19; O=0; C=0; W=1,B=19; O=0; C=0; W=1,18,18,V=16; D=2; N=0; U=2,V=16; D=2; N=0; U=2,0,2,2,2,33.0,37.0,35.0,37.0,high_confidence_upper_band,high_confidence_upper_band,moderate,moderate
