display_name,canonical_wikipedia_url,primary_era_bucket,interpretive_era,interpretive_group,trust_confidence_v2,best_rank,worst_rank,rank_range,mean_rank,top10_appearances,top25_appearances,rank_baseline_conservative,rank_battle_only_baseline,rank_hierarchical_trust_v2,rank_hierarchical_weighted,rank_hierarchical_full_credit,rank_hierarchical_equal_split,rank_hierarchical_broader_eligibility,known_outcome_count,total_engagements_strict,total_battle_pages_strict,distinct_conflicts_strict,page_type_exposure_summary,stability_label,caution_flags,dominant_sensitivity_driver,interpretive_reason
Alexander Suvorov,https://en.wikipedia.org/wiki/Alexander_Suvorov,revolutionary_napoleonic,modern,robust_elite_core,high,1.0,4.0,3.0,2.0,6,6,4.0,4.0,1.0,1.0,1.0,1.0,1.0,18,20,19,13,B=19; O=0; C=0; W=1,core_stable,,mixed_model_sensitivity,Trust-first v2 rank 1 with high confidence; Top-25 in 6 trusted models and rank spread 3.
Napoleon Bonaparte,https://en.wikipedia.org/wiki/Napoleon,revolutionary_napoleonic,modern,robust_elite_core,very_high,2.0,6.0,4.0,3.6666666666666665,6,6,3.0,3.0,3.0,6.0,5.0,2.0,5.0,60,67,65,25,B=65; O=0; C=0; W=2,core_stable,,mixed_model_sensitivity,Trust-first v2 rank 3 with very_high confidence; Top-25 in 6 trusted models and rank spread 4.
"Maurice, Prince of Orange",https://en.wikipedia.org/wiki/Maurice%2C_Prince_of_Orange,early_modern,early_modern,robust_elite_core,very_high,2.0,14.0,12.0,6.333333333333333,5,6,8.0,14.0,2.0,5.0,4.0,3.0,6.0,35,38,36,14,B=36; O=0; C=0; W=2,stable,,mixed_model_sensitivity,Trust-first v2 rank 2 with very_high confidence; Top-25 in 6 trusted models and rank spread 12.
Jean Lannes,https://en.wikipedia.org/wiki/Jean_Lannes,revolutionary_napoleonic,modern,robust_elite_core,high,2.0,17.0,15.0,8.166666666666666,4,6,2.0,2.0,6.0,9.0,9.0,13.0,17.0,27,28,25,15,B=25; O=0; C=0; W=3,stable,,mixed_model_sensitivity,Trust-first v2 rank 6 with high confidence; Top-25 in 6 trusted models and rank spread 15.
Louis-Nicolas Davout,https://en.wikipedia.org/wiki/Louis-Nicolas_Davout,revolutionary_napoleonic,modern,robust_elite_core,high,7.0,21.0,14.0,11.833333333333334,4,6,21.0,8.0,7.0,8.0,44.0,9.0,18.0,20,25,22,10,B=22; O=0; C=0; W=3,stable,,mixed_model_sensitivity,Trust-first v2 rank 7 with high confidence; Top-25 in 6 trusted models and rank spread 14.
Charles XIV John,https://en.wikipedia.org/wiki/Charles_XIV_John,revolutionary_napoleonic,modern,robust_elite_core,high,9.0,16.0,7.0,12.333333333333334,2,6,15.0,13.0,9.0,10.0,8.0,11.0,16.0,16,21,16,11,B=16; O=0; C=0; W=5,core_stable,,mixed_model_sensitivity,Trust-first v2 rank 9 with high confidence; Top-25 in 6 trusted models and rank spread 7.
"Sébastien Le Prestre, Marquis of Vauban",https://en.wikipedia.org/wiki/S%C3%A9bastien_Le_Prestre%2C_Marquis_of_Vauban,early_modern,early_modern,high_confidence_upper_band,moderate,4.0,10.0,6.0,7.0,6,6,9.0,9.0,5.0,4.0,3.0,5.0,10.0,13,16,13,7,B=13; O=0; C=0; W=3,core_stable,,mixed_model_sensitivity,High-confidence upper-band commander; rank 5 but not stable enough for the headline core.
Subutai,https://en.wikipedia.org/wiki/Subutai,medieval,medieval,high_confidence_upper_band,moderate,3.0,28.0,25.0,9.333333333333334,4,5,14.0,28.0,4.0,3.0,6.0,4.0,3.0,16,16,13,12,B=13; O=0; C=0; W=3,model_sensitive,,mixed_model_sensitivity,High-confidence upper-band commander; rank 4 but not stable enough for the headline core.
Khalid ibn al-Walid,https://en.wikipedia.org/wiki/Khalid_ibn_al-Walid,medieval,medieval,high_confidence_upper_band,moderate,1.0,29.0,28.0,14.666666666666666,2,5,1.0,1.0,18.0,21.0,23.0,18.0,29.0,39,41,40,18,B=40; O=0; C=0; W=1,model_sensitive,,mixed_model_sensitivity,High-confidence upper-band commander; rank 18 but not stable enough for the headline core.
"Alexander Farnese, Duke of Parma",https://en.wikipedia.org/wiki/Alexander_Farnese%2C_Duke_of_Parma,early_modern,early_modern,high_confidence_upper_band,moderate,5.0,30.0,25.0,15.0,2,5,5.0,7.0,17.0,17.0,19.0,14.0,30.0,18,20,19,10,B=19; O=0; C=0; W=1,model_sensitive,,mixed_model_sensitivity,High-confidence upper-band commander; rank 17 but not stable enough for the headline core.
Louis-Gabriel Suchet,https://en.wikipedia.org/wiki/Louis-Gabriel_Suchet,revolutionary_napoleonic,modern,high_confidence_upper_band,moderate,7.0,33.0,26.0,15.333333333333334,2,5,7.0,10.0,15.0,12.0,12.0,15.0,33.0,19,21,19,7,B=19; O=0; C=0; W=2,model_sensitive,,mixed_model_sensitivity,High-confidence upper-band commander; rank 15 but not stable enough for the headline core.
Louis XIV,https://en.wikipedia.org/wiki/Louis_XIV,early_modern,early_modern,high_confidence_upper_band,moderate,4.0,42.0,38.0,18.5,2,4,31.0,42.0,11.0,7.0,7.0,16.0,4.0,11,15,8,8,B=8; O=0; C=0; W=7,model_sensitive,,mixed_model_sensitivity,High-confidence upper-band commander; rank 11 but not stable enough for the headline core.
"Henri de La Tour d'Auvergne, Viscount of Turenne",https://en.wikipedia.org/wiki/Henri_de_La_Tour_d%27Auvergne%2C_Viscount_of_Turenne,early_modern,early_modern,high_confidence_upper_band,moderate,10.0,43.0,33.0,21.5,1,4,28.0,43.0,12.0,11.0,11.0,10.0,25.0,15,20,17,11,B=17; O=0; C=0; W=3,model_sensitive,,mixed_model_sensitivity,High-confidence upper-band commander; rank 12 but not stable enough for the headline core.
Belisarius,https://en.wikipedia.org/wiki/Belisarius,medieval,medieval,high_confidence_upper_band,moderate,12.0,50.0,38.0,24.166666666666668,0,4,32.0,50.0,14.0,13.0,61.0,12.0,24.0,18,18,15,8,B=15; O=0; C=0; W=3,model_sensitive,,mixed_model_sensitivity,High-confidence upper-band commander; rank 14 but not stable enough for the headline core.
Mehmed II,https://en.wikipedia.org/wiki/Mehmed_II,medieval,medieval,high_confidence_upper_band,moderate,8.0,48.0,40.0,24.333333333333332,1,3,34.0,48.0,13.0,16.0,13.0,8.0,27.0,21,23,22,19,B=22; O=0; C=0; W=1,model_sensitive,,mixed_model_sensitivity,High-confidence upper-band commander; rank 13 but not stable enough for the headline core.
Stanisław Żółkiewski,https://en.wikipedia.org/wiki/Stanis%C5%82aw_%C5%BB%C3%B3%C5%82kiewski,early_modern,early_modern,high_confidence_upper_band,moderate,11.0,41.0,30.0,26.166666666666668,0,3,16.0,20.0,41.0,39.0,51.0,30.0,11.0,10,11,11,9,B=11; O=0; C=0; W=0,model_sensitive,,mixed_model_sensitivity,High-confidence upper-band commander; rank 41 but not stable enough for the headline core.
Baybars,https://en.wikipedia.org/wiki/Baybars,medieval,medieval,high_confidence_upper_band,moderate,6.0,45.0,39.0,26.333333333333332,1,3,24.0,37.0,27.0,19.0,20.0,6.0,45.0,9,10,9,6,B=9; O=0; C=0; W=1,model_sensitive,,mixed_model_sensitivity,High-confidence upper-band commander; rank 27 but not stable enough for the headline core.
André Masséna,https://en.wikipedia.org/wiki/Andr%C3%A9_Mass%C3%A9na,revolutionary_napoleonic,modern,high_confidence_upper_band,moderate,16.0,43.0,27.0,27.333333333333332,0,3,22.0,32.0,16.0,24.0,15.0,27.0,43.0,37,43,40,19,B=40; O=0; C=0; W=3,model_sensitive,,mixed_model_sensitivity,High-confidence upper-band commander; rank 16 but not stable enough for the headline core.
Hannibal,https://en.wikipedia.org/wiki/Hannibal,ancient,ancient,high_confidence_upper_band,moderate,16.0,55.0,39.0,30.5,0,3,38.0,16.0,25.0,28.0,36.0,21.0,55.0,18,27,25,4,B=25; O=0; C=0; W=2,model_sensitive,,mixed_model_sensitivity,High-confidence upper-band commander; rank 25 but not stable enough for the headline core.
Heinz Guderian,https://en.wikipedia.org/wiki/Heinz_Guderian,world_wars,modern,high_confidence_upper_band,moderate,21.0,53.0,32.0,36.0,0,1,42.0,53.0,30.0,33.0,41.0,37.0,21.0,11,13,13,9,B=13; O=0; C=0; W=0,model_sensitive,,mixed_model_sensitivity,High-confidence upper-band commander; rank 30 but not stable enough for the headline core.
Alexander the Great,https://en.wikipedia.org/wiki/Alexander_the_Great,ancient,ancient,high_confidence_upper_band,moderate,22.0,57.0,35.0,36.0,0,3,57.0,39.0,23.0,22.0,14.0,23.0,52.0,11,18,17,6,B=17; O=0; C=0; W=1,model_sensitive,,mixed_model_sensitivity,High-confidence upper-band commander; rank 23 but not stable enough for the headline core.
Hari Singh Nalwa,https://en.wikipedia.org/wiki/Hari_Singh_Nalwa,long_nineteenth_century,modern,high_confidence_upper_band,moderate,26.0,66.0,40.0,44.666666666666664,0,0,49.0,66.0,33.0,30.0,42.0,26.0,64.0,10,11,10,4,B=10; O=0; C=0; W=1,model_sensitive,,mixed_model_sensitivity,High-confidence upper-band commander; rank 33 but not stable enough for the headline core.
Ivan Paskevich,https://en.wikipedia.org/wiki/Ivan_Paskevich,long_nineteenth_century,modern,model_sensitive_band,caution,2.0,60.0,58.0,21.166666666666668,4,4,46.0,60.0,10.0,2.0,2.0,7.0,2.0,9,9,7,7,B=7; O=0; C=0; W=2,highly_model_sensitive,,mixed_model_sensitivity,"Visible in upper-model results, but the rank remains too model-sensitive for headline trust treatment."
Amr ibn al-As,https://en.wikipedia.org/wiki/Amr_ibn_al-As,medieval,medieval,model_sensitive_band,moderate,11.0,53.0,42.0,28.0,0,3,13.0,11.0,53.0,36.0,35.0,33.0,22.0,10,12,12,6,B=12; O=0; C=0; W=0,highly_model_sensitive,,mixed_model_sensitivity,"Visible in upper-model results, but the rank remains too model-sensitive for headline trust treatment."
Takeda Shingen,https://en.wikipedia.org/wiki/Takeda_Shingen,early_modern,early_modern,model_sensitive_band,caution,5.0,58.0,53.0,28.166666666666668,2,2,6.0,5.0,32.0,37.0,38.0,31.0,58.0,18,20,20,4,B=20; O=0; C=0; W=0,highly_model_sensitive,,mixed_model_sensitivity,"Visible in upper-model results, but the rank remains too model-sensitive for headline trust treatment."
Douglas MacArthur,https://en.wikipedia.org/wiki/Douglas_MacArthur,world_wars,modern,model_sensitive_band,caution,8.0,79.0,71.0,30.333333333333332,1,4,44.0,79.0,8.0,14.0,27.0,22.0,15.0,20,22,18,15,B=18; O=3; C=0; W=1,highly_model_sensitive,,mixed_model_sensitivity,"Visible in upper-model results, but the rank remains too model-sensitive for headline trust treatment."
Mahmud Pasha Angelović,https://en.wikipedia.org/wiki/Mahmud_Pasha_Angelovi%C4%87,medieval,medieval,model_sensitive_band,moderate,12.0,57.0,45.0,36.0,0,3,20.0,21.0,54.0,52.0,65.0,57.0,12.0,10,11,11,10,B=11; O=0; C=0; W=0,highly_model_sensitive,,mixed_model_sensitivity,"Visible in upper-model results, but the rank remains too model-sensitive for headline trust treatment."
Abu Ubayda ibn al-Jarrah,https://en.wikipedia.org/wiki/Abu_Ubayda_ibn_al-Jarrah,medieval,medieval,model_sensitive_band,caution,10.0,73.0,63.0,40.166666666666664,1,2,10.0,15.0,58.0,50.0,57.0,73.0,35.0,13,13,12,3,B=12; O=0; C=0; W=1,highly_model_sensitive,,mixed_model_sensitivity,"Visible in upper-model results, but the rank remains too model-sensitive for headline trust treatment."
Katō Kiyomasa,https://en.wikipedia.org/wiki/Kat%C5%8D_Kiyomasa,early_modern,early_modern,model_sensitive_band,caution,18.0,71.0,53.0,40.166666666666664,0,1,36.0,18.0,37.0,35.0,47.0,44.0,71.0,10,12,11,5,B=11; O=0; C=0; W=1,highly_model_sensitive,,mixed_model_sensitivity,"Visible in upper-model results, but the rank remains too model-sensitive for headline trust treatment."
Hubert Gough,https://en.wikipedia.org/wiki/Hubert_Gough,world_wars,modern,model_sensitive_band,caution,20.0,86.0,66.0,41.5,0,3,56.0,86.0,20.0,25.0,16.0,20.0,42.0,17,22,20,12,B=20; O=2; C=0; W=0,highly_model_sensitive,,mixed_model_sensitivity,"Visible in upper-model results, but the rank remains too model-sensitive for headline trust treatment."
Bernard Montgomery,https://en.wikipedia.org/wiki/Bernard_Montgomery,world_wars,modern,model_sensitive_band,caution,9.0,113.0,104.0,42.166666666666664,1,2,113.0,55.0,21.0,27.0,26.0,28.0,9.0,12,19,9,15,B=9; O=10; C=0; W=0,highly_model_sensitive,higher_level_dependent,higher_level_page_dependency,"Ranks well enough to monitor, but higher-level evidence dependence keeps this case out of the headline tiers."
Walter Krueger,https://en.wikipedia.org/wiki/Walter_Krueger,world_wars,modern,model_sensitive_band,caution,19.0,73.0,54.0,45.666666666666664,0,1,19.0,27.0,56.0,48.0,48.0,51.0,73.0,12,12,9,9,B=9; O=3; C=0; W=0,highly_model_sensitive,,mixed_model_sensitivity,"Visible in upper-model results, but the rank remains too model-sensitive for headline trust treatment."
Francis Vere,https://en.wikipedia.org/wiki/Francis_Vere,early_modern,early_modern,model_sensitive_band,caution,11.0,66.0,55.0,45.833333333333336,0,2,11.0,17.0,62.0,66.0,81.0,66.0,53.0,17,18,18,8,B=18; O=0; C=0; W=0,highly_model_sensitive,,battle_specialist_profile,"Visible in upper-model results, but the rank remains too model-sensitive for headline trust treatment."
Winfield Scott,https://en.wikipedia.org/wiki/Winfield_Scott,long_nineteenth_century,modern,model_sensitive_band,caution,15.0,107.0,92.0,47.5,0,3,107.0,88.0,24.0,15.0,17.0,19.0,32.0,8,12,8,6,B=8; O=0; C=0; W=4,highly_model_sensitive,,higher_level_page_dependency,"Visible in upper-model results, but the rank remains too model-sensitive for headline trust treatment."
Philip the Good,https://en.wikipedia.org/wiki/Philip_the_Good,medieval,medieval,model_sensitive_band,moderate,24.0,69.0,45.0,47.833333333333336,0,1,54.0,69.0,63.0,41.0,45.0,24.0,36.0,8,9,8,5,B=8; O=0; C=0; W=1,highly_model_sensitive,,mixed_model_sensitivity,"Visible in upper-model results, but the rank remains too model-sensitive for headline trust treatment."
Saladin,https://en.wikipedia.org/wiki/Saladin,medieval,medieval,model_sensitive_band,caution,6.0,87.0,81.0,49.166666666666664,1,1,40.0,6.0,60.0,57.0,58.0,45.0,87.0,11,21,21,5,B=21; O=0; C=0; W=0,highly_model_sensitive,,battle_specialist_profile,"Visible in upper-model results, but the rank remains too model-sensitive for headline trust treatment."
"François-Henri de Montmorency, duc de Luxembourg",https://en.wikipedia.org/wiki/Fran%C3%A7ois-Henri_de_Montmorency%2C_duc_de_Luxembourg,early_modern,early_modern,model_sensitive_band,caution,23.0,74.0,51.0,49.166666666666664,0,1,50.0,23.0,69.0,40.0,39.0,39.0,74.0,7,13,10,4,B=10; O=0; C=0; W=3,highly_model_sensitive,,mixed_model_sensitivity,"Visible in upper-model results, but the rank remains too model-sensitive for headline trust treatment."
Jean Victor Marie Moreau,https://en.wikipedia.org/wiki/Jean_Victor_Marie_Moreau,revolutionary_napoleonic,modern,model_sensitive_band,caution,23.0,71.0,48.0,50.166666666666664,0,1,23.0,41.0,51.0,71.0,118.0,67.0,48.0,21,22,22,13,B=22; O=0; C=0; W=0,highly_model_sensitive,,mixed_model_sensitivity,"Visible in upper-model results, but the rank remains too model-sensitive for headline trust treatment."
Jan Karol Chodkiewicz,https://en.wikipedia.org/wiki/Jan_Karol_Chodkiewicz,early_modern,early_modern,model_sensitive_band,caution,26.0,79.0,53.0,52.0,0,0,26.0,30.0,79.0,78.0,72.0,62.0,37.0,10,12,12,7,B=12; O=0; C=0; W=0,highly_model_sensitive,,battle_specialist_profile,"Visible in upper-model results, but the rank remains too model-sensitive for headline trust treatment."
Ōyama Iwao,https://en.wikipedia.org/wiki/%C5%8Cyama_Iwao,long_nineteenth_century,modern,model_sensitive_band,caution,23.0,88.0,65.0,53.666666666666664,0,1,88.0,72.0,52.0,23.0,18.0,40.0,47.0,9,10,8,5,B=8; O=0; C=0; W=2,highly_model_sensitive,,mixed_model_sensitivity,"Visible in upper-model results, but the rank remains too model-sensitive for headline trust treatment."
Fedor von Bock,https://en.wikipedia.org/wiki/Fedor_von_Bock,world_wars,modern,model_sensitive_band,caution,22.0,68.0,46.0,54.5,0,1,58.0,22.0,50.0,68.0,73.0,64.0,65.0,13,18,13,15,B=13; O=5; C=0; W=0,highly_model_sensitive,,mixed_model_sensitivity,"Visible in upper-model results, but the rank remains too model-sensitive for headline trust treatment."
Oliver Cromwell,https://en.wikipedia.org/wiki/Oliver_Cromwell,early_modern,early_modern,model_sensitive_band,caution,34.0,86.0,52.0,54.833333333333336,0,0,86.0,34.0,57.0,55.0,59.0,43.0,54.0,6,19,15,9,B=15; O=0; C=0; W=4,highly_model_sensitive,,mixed_model_sensitivity,"Visible in upper-model results, but the rank remains too model-sensitive for headline trust treatment."
Tolui,https://en.wikipedia.org/wiki/Tolui,medieval,medieval,model_sensitive_band,caution,26.0,104.0,78.0,55.5,0,0,91.0,104.0,49.0,31.0,31.0,32.0,26.0,10,10,7,6,B=7; O=0; C=0; W=3,highly_model_sensitive,,mixed_model_sensitivity,"Visible in upper-model results, but the rank remains too model-sensitive for headline trust treatment."
Charles XII of Sweden,https://en.wikipedia.org/wiki/Charles_XII_of_Sweden,early_modern,early_modern,model_sensitive_band,caution,27.0,117.0,90.0,58.166666666666664,0,0,27.0,46.0,42.0,61.0,99.0,56.0,117.0,21,22,21,5,B=21; O=0; C=0; W=1,highly_model_sensitive,,mixed_model_sensitivity,"Visible in upper-model results, but the rank remains too model-sensitive for headline trust treatment."
Mikhail Kutuzov,https://en.wikipedia.org/wiki/Mikhail_Kutuzov,revolutionary_napoleonic,modern,model_sensitive_band,caution,13.0,100.0,87.0,58.5,0,1,97.0,56.0,40.0,45.0,70.0,100.0,13.0,9,13,11,7,B=11; O=0; C=0; W=2,highly_model_sensitive,,mixed_model_sensitivity,"Visible in upper-model results, but the rank remains too model-sensitive for headline trust treatment."
Aurangzeb,https://en.wikipedia.org/wiki/Aurangzeb,early_modern,early_modern,model_sensitive_band,caution,34.0,128.0,94.0,60.833333333333336,0,0,85.0,128.0,34.0,42.0,22.0,42.0,34.0,9,10,8,10,B=8; O=0; C=0; W=2,highly_model_sensitive,,mixed_model_sensitivity,"Visible in upper-model results, but the rank remains too model-sensitive for headline trust treatment."
Babur,https://en.wikipedia.org/wiki/Babur,early_modern,early_modern,model_sensitive_band,caution,7.0,106.0,99.0,61.333333333333336,1,1,106.0,63.0,77.0,62.0,83.0,53.0,7.0,7,11,11,7,B=11; O=0; C=0; W=0,highly_model_sensitive,,mixed_model_sensitivity,"Visible in upper-model results, but the rank remains too model-sensitive for headline trust treatment."
Ferdinand Foch,https://en.wikipedia.org/wiki/Ferdinand_Foch,world_wars,modern,model_sensitive_band,caution,29.0,88.0,59.0,62.0,0,0,29.0,36.0,75.0,88.0,79.0,82.0,62.0,15,19,18,9,B=18; O=1; C=0; W=0,highly_model_sensitive,,battle_specialist_profile,"Visible in upper-model results, but the rank remains too model-sensitive for headline trust treatment."
Peng Dehuai,https://en.wikipedia.org/wiki/Peng_Dehuai,cold_war,modern,model_sensitive_band,caution,28.0,130.0,102.0,62.333333333333336,0,0,130.0,98.0,28.0,38.0,33.0,36.0,44.0,8,13,11,6,B=11; O=1; C=0; W=1,highly_model_sensitive,,higher_level_page_dependency,"Visible in upper-model results, but the rank remains too model-sensitive for headline trust treatment."
Enver Pasha,https://en.wikipedia.org/wiki/Enver_Pasha,world_wars,modern,model_sensitive_band,caution,26.0,125.0,99.0,62.666666666666664,0,0,125.0,84.0,26.0,43.0,112.0,58.0,40.0,9,14,8,11,B=8; O=1; C=0; W=5,highly_model_sensitive,,mixed_model_sensitivity,"Visible in upper-model results, but the rank remains too model-sensitive for headline trust treatment."
Maeda Toshiie,https://en.wikipedia.org/wiki/Maeda_Toshiie,early_modern,early_modern,model_sensitive_band,caution,44.0,108.0,64.0,67.0,0,0,48.0,62.0,55.0,44.0,53.0,108.0,85.0,10,11,10,4,B=10; O=0; C=0; W=1,highly_model_sensitive,,mixed_model_sensitivity,"Visible in upper-model results, but the rank remains too model-sensitive for headline trust treatment."
Genghis Khan,https://en.wikipedia.org/wiki/Genghis_Khan,medieval,medieval,model_sensitive_band,caution,19.0,213.0,194.0,67.33333333333333,0,2,90.0,213.0,19.0,29.0,10.0,25.0,28.0,15,15,12,9,B=12; O=0; C=0; W=3,highly_model_sensitive,,higher_level_page_dependency,"Visible in upper-model results, but the rank remains too model-sensitive for headline trust treatment."
John III Sobieski,https://en.wikipedia.org/wiki/John_III_Sobieski,early_modern,early_modern,model_sensitive_band,caution,59.0,110.0,51.0,73.5,0,0,65.0,110.0,64.0,74.0,92.0,59.0,69.0,10,11,10,8,,highly_model_sensitive,,mixed_model_sensitivity,"Visible in upper-model results, but the rank remains too model-sensitive for headline trust treatment."
Maharaja Ranjit Singh,https://en.wikipedia.org/wiki/Ranjit_Singh,long_nineteenth_century,modern,model_sensitive_band,caution,17.0,196.0,179.0,74.83333333333333,0,3,196.0,158.0,22.0,18.0,34.0,17.0,38.0,9,11,8,6,B=8; O=0; C=0; W=3,highly_model_sensitive,,higher_level_page_dependency,"Visible in upper-model results, but the rank remains too model-sensitive for headline trust treatment."
Lennart Torstensson,https://en.wikipedia.org/wiki/Lennart_Torstensson,early_modern,early_modern,model_sensitive_band,caution,24.0,123.0,99.0,75.5,0,1,51.0,24.0,96.0,70.0,69.0,89.0,123.0,8,12,10,3,B=10; O=0; C=0; W=2,highly_model_sensitive,,mixed_model_sensitivity,"Visible in upper-model results, but the rank remains too model-sensitive for headline trust treatment."
Date Masamune,https://en.wikipedia.org/wiki/Date_Masamune,early_modern,early_modern,model_sensitive_band,caution,34.0,128.0,94.0,75.66666666666667,0,0,128.0,90.0,95.0,34.0,30.0,41.0,66.0,6,7,6,7,B=6; O=0; C=0; W=1,highly_model_sensitive,,higher_level_page_dependency,"Visible in upper-model results, but the rank remains too model-sensitive for headline trust treatment."
Peter Wittgenstein,https://en.wikipedia.org/wiki/Peter_Wittgenstein,revolutionary_napoleonic,modern,model_sensitive_band,caution,48.0,118.0,70.0,75.66666666666667,0,0,59.0,97.0,48.0,64.0,142.0,68.0,118.0,14,16,15,9,B=15; O=0; C=0; W=1,highly_model_sensitive,,credit_rule_dependency,"Visible in upper-model results, but the rank remains too model-sensitive for headline trust treatment."
Petar Bojović,https://en.wikipedia.org/wiki/Petar_Bojovi%C4%87,long_nineteenth_century,modern,model_sensitive_band,caution,8.0,263.0,255.0,78.4,1,2,,263.0,66.0,20.0,21.0,35.0,8.0,7,9,4,7,B=4; O=3; C=0; W=2,highly_model_sensitive,higher_level_dependent,higher_level_page_dependency,"Ranks well enough to monitor, but higher-level evidence dependence keeps this case out of the headline tiers."
Ahmad Shah Durrani,https://en.wikipedia.org/wiki/Ahmad_Shah_Durrani,early_modern,early_modern,model_sensitive_band,caution,55.0,123.0,68.0,82.5,0,0,67.0,123.0,68.0,77.0,63.0,55.0,105.0,9,10,9,8,,highly_model_sensitive,,mixed_model_sensitivity,"Visible in upper-model results, but the rank remains too model-sensitive for headline trust treatment."
Fyodor Tolbukhin,https://en.wikipedia.org/wiki/Fyodor_Tolbukhin,world_wars,modern,model_sensitive_band,caution,41.0,179.0,138.0,83.66666666666667,0,0,179.0,145.0,43.0,47.0,46.0,47.0,41.0,11,13,5,8,B=5; O=8; C=0; W=0,highly_model_sensitive,higher_level_dependent,higher_level_page_dependency,"Ranks well enough to monitor, but higher-level evidence dependence keeps this case out of the headline tiers."
Ögedei Khan,https://en.wikipedia.org/wiki/%C3%96gedei_Khan,medieval,medieval,model_sensitive_band,caution,35.0,218.0,183.0,84.5,0,0,108.0,218.0,35.0,46.0,32.0,54.0,46.0,12,12,9,7,B=9; O=0; C=0; W=3,highly_model_sensitive,,higher_level_page_dependency,"Visible in upper-model results, but the rank remains too model-sensitive for headline trust treatment."
Nikolai Vatutin,https://en.wikipedia.org/wiki/Nikolai_Vatutin,world_wars,modern,model_sensitive_band,caution,39.0,156.0,117.0,84.5,0,0,142.0,156.0,44.0,51.0,55.0,75.0,39.0,12,13,8,8,B=8; O=5; C=0; W=0,highly_model_sensitive,higher_level_dependent,higher_level_page_dependency,"Ranks well enough to monitor, but higher-level evidence dependence keeps this case out of the headline tiers."
Frederick the Great,https://en.wikipedia.org/wiki/Frederick_the_Great,early_modern,early_modern,model_sensitive_band,caution,29.0,192.0,163.0,84.66666666666667,0,0,62.0,192.0,29.0,65.0,43.0,65.0,95.0,24,26,21,11,B=21; O=0; C=0; W=5,highly_model_sensitive,,higher_level_page_dependency,"Visible in upper-model results, but the rank remains too model-sensitive for headline trust treatment."
Charles-Pierre Augereau,https://en.wikipedia.org/wiki/Charles-Pierre_Augereau,revolutionary_napoleonic,modern,model_sensitive_band,caution,31.0,199.0,168.0,85.0,0,0,63.0,199.0,31.0,69.0,37.0,80.0,68.0,26,29,24,14,B=24; O=0; C=0; W=5,highly_model_sensitive,,higher_level_page_dependency,"Visible in upper-model results, but the rank remains too model-sensitive for headline trust treatment."
Sayenqueraghta,https://en.wikipedia.org/wiki/Sayenqueraghta,early_modern,early_modern,model_sensitive_band,caution,48.0,165.0,117.0,90.5,0,0,121.0,165.0,65.0,54.0,115.0,48.0,90.0,9,9,7,7,B=7; O=0; C=0; W=2,highly_model_sensitive,,mixed_model_sensitivity,"Visible in upper-model results, but the rank remains too model-sensitive for headline trust treatment."
Tokugawa Ieyasu,https://en.wikipedia.org/wiki/Tokugawa_Ieyasu,early_modern,early_modern,model_sensitive_band,caution,38.0,191.0,153.0,94.5,0,0,81.0,191.0,38.0,53.0,24.0,102.0,102.0,12,14,13,8,B=13; O=0; C=0; W=1,highly_model_sensitive,,higher_level_page_dependency,"Visible in upper-model results, but the rank remains too model-sensitive for headline trust treatment."
Carl Gustaf Wrangel,https://en.wikipedia.org/wiki/Carl_Gustaf_Wrangel,early_modern,early_modern,model_sensitive_band,caution,77.0,127.0,50.0,97.33333333333333,0,0,127.0,121.0,87.0,93.0,74.0,79.0,77.0,8,10,9,8,,highly_model_sensitive,,mixed_model_sensitivity,"Visible in upper-model results, but the rank remains too model-sensitive for headline trust treatment."
Aleksandr Vasilevsky,https://en.wikipedia.org/wiki/Aleksandr_Vasilevsky,world_wars,modern,model_sensitive_band,caution,49.0,245.0,196.0,100.6,0,0,,245.0,59.0,49.0,49.0,99.0,51.0,9,9,4,5,B=4; O=4; C=0; W=1,highly_model_sensitive,higher_level_dependent,higher_level_page_dependency,"Ranks well enough to monitor, but higher-level evidence dependence keeps this case out of the headline tiers."
Jassa Singh Ahluwalia,https://en.wikipedia.org/wiki/Jassa_Singh_Ahluwalia,early_modern,early_modern,model_sensitive_band,moderate,76.0,119.0,43.0,102.66666666666667,0,0,116.0,116.0,80.0,76.0,85.0,109.0,119.0,8,11,10,8,,highly_model_sensitive,,mixed_model_sensitivity,"Visible in upper-model results, but the rank remains too model-sensitive for headline trust treatment."
Suleiman the Magnificent,https://en.wikipedia.org/wiki/Suleiman_the_Magnificent,early_modern,early_modern,model_sensitive_band,caution,14.0,200.0,186.0,103.0,0,1,68.0,200.0,83.0,132.0,75.0,121.0,14.0,16,16,16,13,B=16; O=0; C=0; W=0,highly_model_sensitive,,mixed_model_sensitivity,"Visible in upper-model results, but the rank remains too model-sensitive for headline trust treatment."
Yamagata Aritomo,https://en.wikipedia.org/wiki/Yamagata_Aritomo,long_nineteenth_century,modern,model_sensitive_band,caution,32.0,241.0,209.0,103.0,0,0,241.0,162.0,90.0,32.0,29.0,34.0,59.0,6,9,6,7,B=6; O=0; C=0; W=3,highly_model_sensitive,,higher_level_page_dependency,"Visible in upper-model results, but the rank remains too model-sensitive for headline trust treatment."
Bertrand du Guesclin,https://en.wikipedia.org/wiki/Bertrand_du_Guesclin,medieval,medieval,model_sensitive_band,caution,71.0,164.0,93.0,107.0,0,0,110.0,164.0,81.0,92.0,131.0,71.0,124.0,9,10,8,7,,highly_model_sensitive,,mixed_model_sensitivity,"Visible in upper-model results, but the rank remains too model-sensitive for headline trust treatment."
Živojin Mišić,https://en.wikipedia.org/wiki/%C5%BDivojin_Mi%C5%A1i%C4%87,world_wars,modern,model_sensitive_band,caution,20.0,299.0,279.0,107.16666666666667,0,1,299.0,189.0,71.0,26.0,25.0,38.0,20.0,7,9,5,8,B=5; O=3; C=0; W=1,highly_model_sensitive,,higher_level_page_dependency,"Visible in upper-model results, but the rank remains too model-sensitive for headline trust treatment."
Mustafa Kemal Atatürk,https://en.wikipedia.org/wiki/Mustafa_Kemal_Atat%C3%BCrk,world_wars,modern,model_sensitive_band,caution,46.0,209.0,163.0,108.66666666666667,0,0,94.0,209.0,46.0,100.0,145.0,95.0,108.0,22,28,21,19,B=21; O=0; C=0; W=7,highly_model_sensitive,,higher_level_page_dependency,"Visible in upper-model results, but the rank remains too model-sensitive for headline trust treatment."
Guru Gobind Singh,https://en.wikipedia.org/wiki/Guru_Gobind_Singh,early_modern,early_modern,model_sensitive_band,caution,61.0,179.0,118.0,113.16666666666667,0,0,61.0,96.0,94.0,126.0,215.0,123.0,179.0,13,16,16,7,,highly_model_sensitive,,mixed_model_sensitivity,"Visible in upper-model results, but the rank remains too model-sensitive for headline trust treatment."
Skanderbeg,https://en.wikipedia.org/wiki/Skanderbeg,medieval,medieval,model_sensitive_band,caution,100.0,168.0,68.0,120.33333333333333,0,0,117.0,106.0,100.0,125.0,132.0,106.0,168.0,10,17,15,6,,highly_model_sensitive,,mixed_model_sensitivity,"Visible in upper-model results, but the rank remains too model-sensitive for headline trust treatment."
Ivan Bagramyan,https://en.wikipedia.org/wiki/Ivan_Bagramyan,world_wars,modern,model_sensitive_band,caution,49.0,358.0,309.0,120.8,0,0,,358.0,85.0,60.0,67.0,52.0,49.0,10,11,4,6,B=4; O=7; C=0; W=0,highly_model_sensitive,higher_level_dependent,higher_level_page_dependency,"Ranks well enough to monitor, but higher-level evidence dependence keeps this case out of the headline tiers."
Nader Shah,https://en.wikipedia.org/wiki/Nader_Shah,early_modern,early_modern,model_sensitive_band,caution,74.0,206.0,132.0,122.5,0,0,89.0,206.0,74.0,116.0,87.0,96.0,154.0,16,20,17,10,,highly_model_sensitive,,mixed_model_sensitivity,"Visible in upper-model results, but the rank remains too model-sensitive for headline trust treatment."
Ambrogio Spinola,https://en.wikipedia.org/wiki/Ambrogio_Spinola,early_modern,early_modern,model_sensitive_band,caution,91.0,237.0,146.0,125.83333333333333,0,0,129.0,237.0,91.0,108.0,117.0,92.0,98.0,8,11,8,9,,highly_model_sensitive,,higher_level_page_dependency,"Visible in upper-model results, but the rank remains too model-sensitive for headline trust treatment."
Honda Tadakatsu,https://en.wikipedia.org/wiki/Honda_Tadakatsu,early_modern,early_modern,model_sensitive_band,caution,91.0,191.0,100.0,129.16666666666666,0,0,109.0,131.0,97.0,91.0,89.0,191.0,156.0,9,10,9,4,,highly_model_sensitive,,mixed_model_sensitivity,"Visible in upper-model results, but the rank remains too model-sensitive for headline trust treatment."
Georgy Zhukov,https://en.wikipedia.org/wiki/Georgy_Zhukov,world_wars,modern,model_sensitive_band,caution,39.0,343.0,304.0,130.16666666666666,0,0,112.0,343.0,39.0,79.0,40.0,78.0,130.0,23,24,17,15,B=17; O=7; C=0; W=0,highly_model_sensitive,,higher_level_page_dependency,"Visible in upper-model results, but the rank remains too model-sensitive for headline trust treatment."
Gustavus Adolphus,https://en.wikipedia.org/wiki/Gustavus_Adolphus,early_modern,early_modern,model_sensitive_band,caution,86.0,211.0,125.0,130.83333333333334,0,0,137.0,211.0,86.0,135.0,96.0,124.0,92.0,12,20,16,11,,highly_model_sensitive,,mixed_model_sensitivity,"Visible in upper-model results, but the rank remains too model-sensitive for headline trust treatment."
"Édouard Mortier, Duke of Treviso",https://en.wikipedia.org/wiki/%C3%89douard_Mortier%2C_Duke_of_Treviso,revolutionary_napoleonic,modern,model_sensitive_band,caution,73.0,215.0,142.0,137.0,0,0,111.0,215.0,73.0,117.0,133.0,135.0,171.0,18,22,18,13,,highly_model_sensitive,,mixed_model_sensitivity,"Visible in upper-model results, but the rank remains too model-sensitive for headline trust treatment."
Michiel de Ruyter,https://en.wikipedia.org/wiki/Michiel_de_Ruyter,early_modern,early_modern,model_sensitive_band,caution,88.0,238.0,150.0,143.0,0,0,118.0,238.0,88.0,131.0,56.0,122.0,161.0,11,15,10,10,,highly_model_sensitive,,mixed_model_sensitivity,"Visible in upper-model results, but the rank remains too model-sensitive for headline trust treatment."
George S. Patton,https://en.wikipedia.org/wiki/George_S._Patton,world_wars,modern,model_sensitive_band,caution,61.0,304.0,243.0,145.33333333333334,0,0,286.0,304.0,67.0,67.0,54.0,87.0,61.0,10,11,6,11,,highly_model_sensitive,,higher_level_page_dependency,"Visible in upper-model results, but the rank remains too model-sensitive for headline trust treatment."
Zubayr ibn al-Awwam,https://en.wikipedia.org/wiki/Zubayr_ibn_al-Awwam,medieval,medieval,model_sensitive_band,caution,93.0,217.0,124.0,146.66666666666666,0,0,176.0,217.0,93.0,99.0,161.0,180.0,115.0,8,10,9,6,,highly_model_sensitive,,mixed_model_sensitivity,"Visible in upper-model results, but the rank remains too model-sensitive for headline trust treatment."
Ernst Gideon von Laudon,https://en.wikipedia.org/wiki/Ernst_Gideon_von_Laudon,early_modern,early_modern,model_sensitive_band,caution,70.0,381.0,311.0,149.16666666666666,0,0,152.0,381.0,70.0,87.0,77.0,76.0,129.0,11,12,9,6,,highly_model_sensitive,,higher_level_page_dependency,"Visible in upper-model results, but the rank remains too model-sensitive for headline trust treatment."
Murad II,https://en.wikipedia.org/wiki/Murad_II,medieval,medieval,model_sensitive_band,caution,84.0,332.0,248.0,151.83333333333334,0,0,132.0,332.0,84.0,118.0,125.0,97.0,148.0,11,13,12,10,,highly_model_sensitive,,higher_level_page_dependency,"Visible in upper-model results, but the rank remains too model-sensitive for headline trust treatment."
Ivan Konev,https://en.wikipedia.org/wiki/Ivan_Konev,world_wars,modern,model_sensitive_band,caution,76.0,378.0,302.0,162.83333333333334,0,0,138.0,378.0,76.0,146.0,114.0,133.0,106.0,17,21,16,13,,highly_model_sensitive,,higher_level_page_dependency,"Visible in upper-model results, but the rank remains too model-sensitive for headline trust treatment."
Rodion Malinovsky,https://en.wikipedia.org/wiki/Rodion_Malinovsky,world_wars,modern,model_sensitive_band,caution,45.0,443.0,398.0,168.5,0,0,320.0,443.0,45.0,63.0,50.0,70.0,70.0,13,16,8,10,B=8; O=7; C=0; W=1,highly_model_sensitive,higher_level_dependent,higher_level_page_dependency,"Ranks well enough to monitor, but higher-level evidence dependence keeps this case out of the headline tiers."
Laurent de Gouvion Saint-Cyr,https://en.wikipedia.org/wiki/Laurent_de_Gouvion_Saint-Cyr,revolutionary_napoleonic,modern,model_sensitive_band,caution,92.0,344.0,252.0,180.33333333333334,0,0,120.0,344.0,92.0,158.0,129.0,149.0,219.0,16,20,18,13,,highly_model_sensitive,,higher_level_page_dependency,"Visible in upper-model results, but the rank remains too model-sensitive for headline trust treatment."
"Louis, Grand Condé",https://en.wikipedia.org/wiki/Louis%2C_Grand_Cond%C3%A9,early_modern,early_modern,model_sensitive_band,caution,99.0,380.0,281.0,188.33333333333334,0,0,147.0,380.0,99.0,147.0,127.0,150.0,207.0,10,13,11,9,,highly_model_sensitive,,higher_level_page_dependency,"Visible in upper-model results, but the rank remains too model-sensitive for headline trust treatment."
Konstantin Rokossovsky,https://en.wikipedia.org/wiki/Konstantin_Rokossovsky,world_wars,modern,model_sensitive_band,caution,47.0,689.0,642.0,191.66666666666666,0,0,217.0,689.0,47.0,72.0,64.0,69.0,56.0,17,17,10,9,B=10; O=7; C=0; W=0,highly_model_sensitive,higher_level_dependent,higher_level_page_dependency,"Ranks well enough to monitor, but higher-level evidence dependence keeps this case out of the headline tiers."
Dwight D. Eisenhower,https://en.wikipedia.org/wiki/Dwight_D._Eisenhower,world_wars,modern,model_sensitive_band,caution,23.0,525.0,502.0,202.0,0,1,455.0,525.0,36.0,59.0,28.0,114.0,23.0,9,13,5,13,B=5; O=7; C=0; W=1,highly_model_sensitive,higher_level_dependent,higher_level_page_dependency,"Ranks well enough to monitor, but higher-level evidence dependence keeps this case out of the headline tiers."
Prince Rupert of the Rhine,https://en.wikipedia.org/wiki/Prince_Rupert_of_the_Rhine,early_modern,early_modern,model_sensitive_band,caution,89.0,396.0,307.0,203.16666666666666,0,0,221.0,396.0,89.0,153.0,245.0,148.0,212.0,15,28,22,13,,highly_model_sensitive,,mixed_model_sensitivity,"Visible in upper-model results, but the rank remains too model-sensitive for headline trust treatment."
Kirill Meretskov,https://en.wikipedia.org/wiki/Kirill_Meretskov,world_wars,modern,model_sensitive_band,caution,72.0,693.0,621.0,209.0,0,0,,693.0,72.0,83.0,91.0,104.0,93.0,10,13,4,10,,highly_model_sensitive,higher_level_dependent,higher_level_page_dependency,"Ranks well enough to monitor, but higher-level evidence dependence keeps this case out of the headline tiers."
Claude-Victor Perrin,https://en.wikipedia.org/wiki/Claude-Victor_Perrin,revolutionary_napoleonic,modern,model_sensitive_band,caution,61.0,657.0,596.0,226.83333333333334,0,0,208.0,657.0,61.0,123.0,138.0,127.0,185.0,22,28,26,12,,highly_model_sensitive,,higher_level_page_dependency,"Visible in upper-model results, but the rank remains too model-sensitive for headline trust treatment."
François Joseph Lefebvre,https://en.wikipedia.org/wiki/Fran%C3%A7ois_Joseph_Lefebvre,revolutionary_napoleonic,modern,model_sensitive_band,caution,98.0,772.0,674.0,273.6666666666667,0,0,242.0,772.0,98.0,160.0,221.0,217.0,153.0,11,13,11,9,,highly_model_sensitive,,mixed_model_sensitivity,"Visible in upper-model results, but the rank remains too model-sensitive for headline trust treatment."
Michel Ney,https://en.wikipedia.org/wiki/Michel_Ney,revolutionary_napoleonic,modern,model_sensitive_band,caution,78.0,779.0,701.0,277.0,0,0,261.0,779.0,78.0,157.0,162.0,172.0,215.0,32,42,38,15,,highly_model_sensitive,,higher_level_page_dependency,"Visible in upper-model results, but the rank remains too model-sensitive for headline trust treatment."
Joseph Stalin,https://en.wikipedia.org/wiki/Joseph_Stalin,world_wars,modern,model_sensitive_band,caution,82.0,1202.0,1120.0,388.3333333333333,0,0,616.0,1202.0,82.0,145.0,68.0,199.0,86.0,10,17,5,14,,highly_model_sensitive,higher_level_dependent,mixed_model_sensitivity,"Ranks well enough to monitor, but higher-level evidence dependence keeps this case out of the headline tiers."
