display_name,canonical_wikipedia_url,primary_era_bucket,current_trust_rank,current_weighted_rank,trust_rank_before_verification,weighted_rank_before_verification,trust_rank_delta,weighted_rank_delta,trust_tier_current,trust_tier_before_verification,trust_confidence_current,trust_confidence_before_verification,strict_engagement_count_current,strict_engagement_count_before_verification,page_type_mix_current,page_type_mix_before_verification,known_outcome_count_current,known_outcome_count_before_verification,outcome_profile_current,outcome_profile_before_verification,structurally_suspect_rows,broad_or_downgraded_rows,quarantined_rows,verification_sensitivity,inflation_risk_band,risk_score,structural_risk_notes,outcome_risk_notes,manual_outcome_audit_priority
Suleiman the Magnificent,https://en.wikipedia.org/wiki/Suleiman_the_Magnificent,early_modern,1,1,1,1,0,0,high_confidence_upper_band,robust_elite_core,moderate,high,16,34,B=16; O=0; C=0; W=0,B=15; O=0; C=2; W=17,12,25,V=12; D=0; N=0; U=4,V=21; D=0; N=4; U=9,7,12,0,high,high_priority_manual_audit,46,7 structurally suspect rows; 12 downgraded broad rows; war-page reduction 17→0; campaign reduction 2→0; strict engagements reduced by 18,clean record with unresolved battle outcomes; victory count dropped by 9; known outcomes dropped by 13; multiple surviving battle pages still unresolved; headline rank with softened trust confidence,yes
Douglas MacArthur,https://en.wikipedia.org/wiki/Douglas_MacArthur,world_wars,4,4,4,4,0,0,model_sensitive_band,model_sensitive_band,caution,caution,22,38,B=18; O=3; C=0; W=1,B=18; O=5; C=13; W=2,18,33,V=14; D=4; N=0; U=4,V=28; D=5; N=0; U=5,12,5,0,high,high_priority_manual_audit,44,12 structurally suspect rows; 5 downgraded broad rows; war-page reduction 2→1; campaign reduction 13→0; strict engagements reduced by 16,victory count dropped by 14; known outcomes dropped by 15; headline rank with softened trust confidence,yes
Mahmud II,https://en.wikipedia.org/wiki/Mahmud_II,long_nineteenth_century,160,120,267,387,-107,-267,outside_trust_headline,outside_trust_headline,caution,caution,3,12,,,2,6,,,5,5,0,high,materially_inflated,44,5 structurally suspect rows; 5 downgraded broad rows; strict engagements reduced by 9; rank moved materially after verification,known outcomes dropped by 4,no
Nader Shah,https://en.wikipedia.org/wiki/Nader_Shah,early_modern,22,35,15,25,7,10,model_sensitive_band,model_sensitive_band,caution,caution,20,31,B=17; O=0; C=0; W=3,B=17; O=0; C=6; W=8,15,20,V=12; D=3; N=0; U=5,V=16; D=3; N=1; U=11,9,2,0,high,high_priority_manual_audit,43,9 structurally suspect rows; 2 downgraded broad rows; war-page reduction 8→3; campaign reduction 6→0; strict engagements reduced by 11; rank moved materially after verification,victory count dropped by 4; known outcomes dropped by 5; multiple surviving battle pages still unresolved; headline rank with softened trust confidence,yes
Abbas the Great,https://en.wikipedia.org/wiki/Abbas_the_Great,early_modern,33,33,27,26,6,7,model_sensitive_band,model_sensitive_band,caution,caution,6,15,B=6; O=0; C=0; W=0,B=6; O=0; C=1; W=8,6,11,V=5; D=1; N=0; U=0,V=8; D=2; N=1; U=4,6,3,0,high,high_priority_manual_audit,43,6 structurally suspect rows; 3 downgraded broad rows; war-page reduction 8→0; campaign reduction 1→0; strict engagements reduced by 9; rank moved materially after verification,victory count dropped by 3; known outcomes dropped by 5,yes
William Halsey Jr.,https://en.wikipedia.org/wiki/William_Halsey_Jr.,world_wars,57,62,41,36,16,26,model_sensitive_band,model_sensitive_band,caution,caution,10,16,,B=5; O=4; C=7; W=0,6,13,,V=13; D=0; N=0; U=3,6,1,0,high,materially_inflated,42,6 structurally suspect rows; 1 downgraded broad rows; campaign reduction 7→0; strict engagements reduced by 6; rank moved materially after verification,victory count dropped by 13; known outcomes dropped by 7,yes
Nelson A. Miles,https://en.wikipedia.org/wiki/Nelson_A._Miles,long_nineteenth_century,181,157,113,77,68,80,outside_trust_headline,outside_trust_headline,caution,caution,5,11,B=3; O=0; C=0; W=2,B=3; O=0; C=2; W=6,3,6,V=3; D=0; N=0; U=2,V=6; D=0; N=0; U=5,3,3,0,high,materially_inflated,36,3 structurally suspect rows; 3 downgraded broad rows; war-page reduction 6→2; campaign reduction 2→0; strict engagements reduced by 6; rank moved materially after verification,victory count dropped by 3; known outcomes dropped by 3,yes
Dwight D. Eisenhower,https://en.wikipedia.org/wiki/Dwight_D._Eisenhower,world_wars,5,5,33,39,-28,-34,model_sensitive_band,model_sensitive_band,caution,caution,13,15,B=5; O=7; C=0; W=1,B=4; O=4; C=3; W=4,7,11,V=6; D=1; N=0; U=6,V=9; D=2; N=0; U=4,4,4,0,high,high_priority_manual_audit,34,4 structurally suspect rows; 4 downgraded broad rows; war-page reduction 4→1; campaign reduction 3→0; rank moved materially after verification,victory count dropped by 3; known outcomes dropped by 4; headline rank with softened trust confidence,yes
Peter the Great,https://en.wikipedia.org/wiki/Peter_the_Great,early_modern,63,99,40,63,23,36,model_sensitive_band,model_sensitive_band,caution,caution,10,15,,B=7; O=0; C=1; W=7,9,14,,V=11; D=2; N=1; U=1,3,2,0,high,materially_inflated,34,3 structurally suspect rows; 2 downgraded broad rows; war-page reduction 7→0; campaign reduction 1→0; strict engagements reduced by 5; rank moved materially after verification,victory count dropped by 11; known outcomes dropped by 5,yes
Richmond K. Turner,https://en.wikipedia.org/wiki/Richmond_K._Turner,world_wars,109,126,92,102,17,24,outside_trust_headline,model_sensitive_band,caution,caution,8,13,,,8,13,,,5,0,0,high,materially_inflated,34,5 structurally suspect rows; strict engagements reduced by 5; rank moved materially after verification,known outcomes dropped by 5,no
Flavius Aetius,https://en.wikipedia.org/wiki/Flavius_Aetius,ancient,36,20,28,15,8,5,model_sensitive_band,model_sensitive_band,caution,caution,6,13,B=6; O=0; C=0; W=0,B=6; O=0; C=1; W=6,4,9,V=4; D=0; N=0; U=2,V=8; D=0; N=1; U=4,1,6,0,moderate,high_priority_manual_audit,32,1 structurally suspect rows; 6 downgraded broad rows; war-page reduction 6→0; campaign reduction 1→0; strict engagements reduced by 7; rank moved materially after verification,victory count dropped by 4; known outcomes dropped by 5,yes
Ivan Sirko,https://en.wikipedia.org/wiki/Ivan_Sirko,early_modern,95,31,74,23,21,8,model_sensitive_band,model_sensitive_band,caution,caution,10,16,B=10; O=0; C=0; W=0,B=10; O=0; C=1; W=5,1,5,V=1; D=0; N=0; U=9,V=4; D=0; N=1; U=11,2,4,0,high,materially_inflated,32,2 structurally suspect rows; 4 downgraded broad rows; war-page reduction 5→0; campaign reduction 1→0; strict engagements reduced by 6; rank moved materially after verification,victory count dropped by 3; known outcomes dropped by 4,yes
Emperor Taizong of Tang,https://en.wikipedia.org/wiki/Emperor_Taizong_of_Tang,medieval,26,22,17,14,9,8,model_sensitive_band,model_sensitive_band,caution,caution,6,11,B=4; O=0; C=0; W=2,B=4; O=0; C=5; W=2,6,9,V=5; D=1; N=0; U=0,V=7; D=2; N=0; U=2,3,2,0,moderate,materially_inflated,31,3 structurally suspect rows; 2 downgraded broad rows; campaign reduction 5→0; strict engagements reduced by 5; rank moved materially after verification,known outcomes dropped by 3,no
Ahmad Shah Durrani,https://en.wikipedia.org/wiki/Ahmad_Shah_Durrani,early_modern,104,163,79,130,25,33,outside_trust_headline,model_sensitive_band,caution,caution,10,17,,,6,8,,,5,2,0,high,materially_inflated,31,5 structurally suspect rows; 2 downgraded broad rows; strict engagements reduced by 7; rank moved materially after verification,,no
Holland M. Smith,https://en.wikipedia.org/wiki/Holland_Smith,world_wars,124,55,109,40,15,15,outside_trust_headline,outside_trust_headline,caution,caution,5,8,,B=5; O=0; C=3; W=0,5,8,,V=8; D=0; N=0; U=0,2,1,0,high,materially_inflated,31,2 structurally suspect rows; 1 downgraded broad rows; campaign reduction 3→0; strict engagements reduced by 3; rank moved materially after verification,victory count dropped by 8; known outcomes dropped by 3,yes
Alexander Vandegrift,https://en.wikipedia.org/wiki/Alexander_Vandegrift,world_wars,129,104,115,89,14,15,outside_trust_headline,outside_trust_headline,caution,caution,6,10,,,6,10,,,3,1,0,high,materially_inflated,30,3 structurally suspect rows; 1 downgraded broad rows; strict engagements reduced by 4; rank moved materially after verification,known outcomes dropped by 4,no
Chiang Kai-shek,https://en.wikipedia.org/wiki/Chiang_Kai-shek,world_wars,145,283,126,257,19,26,outside_trust_headline,outside_trust_headline,caution,caution,20,30,,,8,15,,,3,10,0,high,materially_inflated,30,3 structurally suspect rows; 10 downgraded broad rows; strict engagements reduced by 10; rank moved materially after verification,known outcomes dropped by 7,no
Enver Pasha,https://en.wikipedia.org/wiki/Enver_Pasha,world_wars,18,26,23,35,-5,-9,model_sensitive_band,model_sensitive_band,caution,caution,14,19,B=8; O=1; C=0; W=5,B=7; O=1; C=5; W=6,9,11,V=5; D=3; N=1; U=5,V=6; D=4; N=1; U=8,4,6,0,moderate,materially_inflated,29,4 structurally suspect rows; 6 downgraded broad rows; war-page reduction 6→5; campaign reduction 5→0; strict engagements reduced by 5; rank moved materially after verification,headline rank with softened trust confidence,no
Thomas C. Kinkaid,https://en.wikipedia.org/wiki/Thomas_C._Kinkaid,world_wars,82,71,68,67,14,4,model_sensitive_band,model_sensitive_band,caution,caution,7,11,,,5,9,,,3,1,0,high,materially_inflated,29,3 structurally suspect rows; 1 downgraded broad rows; strict engagements reduced by 4; rank moved materially after verification,known outcomes dropped by 4,no
Roy Geiger,https://en.wikipedia.org/wiki/Roy_Geiger,world_wars,165,212,145,176,20,36,outside_trust_headline,outside_trust_headline,caution,caution,7,11,,,7,11,,,3,1,0,high,materially_inflated,29,3 structurally suspect rows; 1 downgraded broad rows; strict engagements reduced by 4; rank moved materially after verification,known outcomes dropped by 4,no
Shapur II,https://en.wikipedia.org/wiki/Shapur_II,ancient,113,144,76,96,37,48,outside_trust_headline,model_sensitive_band,caution,caution,8,12,,,7,11,,,3,2,0,high,materially_inflated,28,3 structurally suspect rows; 2 downgraded broad rows; strict engagements reduced by 4; rank moved materially after verification,known outcomes dropped by 4,no
Robert E. Lee,https://en.wikipedia.org/wiki/Robert_E._Lee,long_nineteenth_century,136,140,118,126,18,14,outside_trust_headline,outside_trust_headline,caution,caution,25,31,B=24; O=0; C=0; W=1,B=24; O=0; C=6; W=1,7,9,V=6; D=0; N=1; U=18,V=8; D=0; N=1; U=22,6,0,0,high,materially_inflated,28,6 structurally suspect rows; campaign reduction 6→0; strict engagements reduced by 6; rank moved materially after verification,,no
Charles XIV John,https://en.wikipedia.org/wiki/Charles_XIV_John,revolutionary_napoleonic,6,8,5,6,1,2,robust_elite_core,robust_elite_core,high,high,21,27,B=16; O=0; C=0; W=5,B=16; O=0; C=3; W=8,16,21,V=15; D=1; N=0; U=5,V=20; D=1; N=0; U=6,3,4,0,moderate,high_priority_manual_audit,27,3 structurally suspect rows; 4 downgraded broad rows; war-page reduction 8→5; campaign reduction 3→0; strict engagements reduced by 6,victory count dropped by 5; known outcomes dropped by 5; multiple surviving battle pages still unresolved,yes
Joseph Stalin,https://en.wikipedia.org/wiki/Joseph_Stalin,world_wars,24,37,53,88,-29,-51,model_sensitive_band,model_sensitive_band,caution,caution,17,19,B=5; O=6; C=0; W=6,B=5; O=5; C=0; W=9,6,9,V=5; D=1; N=0; U=11,V=8; D=1; N=0; U=10,2,7,0,high,high_priority_manual_audit,27,2 structurally suspect rows; 7 downgraded broad rows; war-page reduction 9→6; rank moved materially after verification,victory count dropped by 3; known outcomes dropped by 3; headline rank with softened trust confidence,yes
Živojin Mišić,https://en.wikipedia.org/wiki/%C5%BDivojin_Mi%C5%A1i%C4%87,world_wars,25,21,32,21,-7,0,model_sensitive_band,model_sensitive_band,caution,caution,9,11,B=5; O=3; C=0; W=1,B=5; O=3; C=2; W=1,6,8,V=6; D=0; N=0; U=3,V=8; D=0; N=0; U=3,2,1,0,moderate,high_priority_manual_audit,27,2 structurally suspect rows; 1 downgraded broad rows; campaign reduction 2→0; rank moved materially after verification,clean record with unresolved battle outcomes; headline rank with softened trust confidence,yes
Aurangzeb,https://en.wikipedia.org/wiki/Aurangzeb,early_modern,29,36,22,28,7,8,model_sensitive_band,model_sensitive_band,caution,caution,10,16,B=8; O=0; C=0; W=2,B=8; O=0; C=1; W=7,9,11,V=7; D=1; N=1; U=1,V=7; D=2; N=2; U=5,4,3,0,moderate,materially_inflated,27,4 structurally suspect rows; 3 downgraded broad rows; war-page reduction 7→2; campaign reduction 1→0; strict engagements reduced by 6; rank moved materially after verification,,no
Oscar Griswold,https://en.wikipedia.org/wiki/Oscar_Griswold,world_wars,93,76,63,59,30,17,model_sensitive_band,model_sensitive_band,caution,caution,6,10,,,6,10,,,2,2,0,high,materially_inflated,27,2 structurally suspect rows; 2 downgraded broad rows; strict engagements reduced by 4; rank moved materially after verification,known outcomes dropped by 4,no
Selim I,https://en.wikipedia.org/wiki/Selim_I,early_modern,172,259,229,396,-57,-137,outside_trust_headline,outside_trust_headline,caution,caution,8,12,,,5,8,,,3,2,0,high,materially_inflated,27,3 structurally suspect rows; 2 downgraded broad rows; strict engagements reduced by 4; rank moved materially after verification,known outcomes dropped by 3,no
John J. Pershing,https://en.wikipedia.org/wiki/John_J._Pershing,world_wars,184,129,165,103,19,26,outside_trust_headline,outside_trust_headline,caution,caution,6,10,,,6,7,,,3,1,0,high,materially_inflated,27,3 structurally suspect rows; 1 downgraded broad rows; strict engagements reduced by 4; rank moved materially after verification,,no
Fyodor Ushakov,https://en.wikipedia.org/wiki/Fyodor_Ushakov,revolutionary_napoleonic,159,82,143,73,16,9,outside_trust_headline,outside_trust_headline,caution,caution,5,9,,,4,6,,,2,2,0,high,materially_inflated,26,2 structurally suspect rows; 2 downgraded broad rows; strict engagements reduced by 4; rank moved materially after verification,,no
Hisaichi Terauchi,https://en.wikipedia.org/wiki/Hisaichi_Terauchi,world_wars,194,335,179,314,15,21,outside_trust_headline,outside_trust_headline,caution,caution,7,12,,,6,11,,,1,4,0,high,materially_inflated,26,1 structurally suspect rows; 4 downgraded broad rows; strict engagements reduced by 5; rank moved materially after verification,known outcomes dropped by 5,no
Louis XIV,https://en.wikipedia.org/wiki/Louis_XIV,early_modern,9,7,6,5,3,2,high_confidence_upper_band,high_confidence_upper_band,moderate,moderate,15,21,B=8; O=0; C=0; W=7,B=8; O=0; C=1; W=12,10,11,V=9; D=1; N=0; U=5,V=9; D=1; N=1; U=10,4,2,0,moderate,materially_inflated,25,4 structurally suspect rows; 2 downgraded broad rows; war-page reduction 12→7; campaign reduction 1→0; strict engagements reduced by 6,headline rank with softened trust confidence,no
Aleksandr Vasilevsky,https://en.wikipedia.org/wiki/Aleksandr_Vasilevsky,world_wars,39,34,37,34,2,0,model_sensitive_band,model_sensitive_band,caution,caution,9,15,B=4; O=4; C=0; W=1,B=4; O=7; C=2; W=2,8,10,V=8; D=0; N=0; U=1,V=10; D=0; N=0; U=5,3,5,0,moderate,materially_inflated,25,3 structurally suspect rows; 5 downgraded broad rows; war-page reduction 2→1; campaign reduction 2→0; strict engagements reduced by 6,,no
Radomir Putnik,https://en.wikipedia.org/wiki/Radomir_Putnik,long_nineteenth_century,72,77,88,43,-16,34,model_sensitive_band,model_sensitive_band,caution,caution,9,11,,B=5; O=1; C=2; W=3,6,7,,V=7; D=0; N=0; U=4,2,2,0,high,materially_inflated,25,2 structurally suspect rows; 2 downgraded broad rows; war-page reduction 3→0; campaign reduction 2→0; rank moved materially after verification,victory count dropped by 7,no
Muhammad Ali of Egypt,https://en.wikipedia.org/wiki/Muhammad_Ali_of_Egypt,revolutionary_napoleonic,107,46,315,357,-208,-311,outside_trust_headline,outside_trust_headline,caution,caution,6,10,B=4; O=0; C=0; W=2,,3,5,V=3; D=0; N=0; U=3,,0,7,0,high,materially_inflated,25,7 downgraded broad rows; strict engagements reduced by 4; rank moved materially after verification,,no
Mustafa Kemal Atatürk,https://en.wikipedia.org/wiki/Mustafa_Kemal_Atat%C3%BCrk,world_wars,58,127,50,105,8,22,model_sensitive_band,model_sensitive_band,caution,caution,28,33,,B=21; O=0; C=3; W=9,22,24,,V=15; D=9; N=0; U=9,2,5,0,high,materially_inflated,24,2 structurally suspect rows; 5 downgraded broad rows; war-page reduction 9→0; campaign reduction 3→0; strict engagements reduced by 5; rank moved materially after verification,victory count dropped by 15,no
Qasem Soleimani,https://en.wikipedia.org/wiki/Qasem_Soleimani,contemporary,78,54,72,44,6,10,model_sensitive_band,model_sensitive_band,caution,caution,10,13,,B=6; O=3; C=2; W=2,3,4,,V=4; D=0; N=0; U=9,2,2,0,high,materially_inflated,23,2 structurally suspect rows; 2 downgraded broad rows; war-page reduction 2→0; campaign reduction 2→0; strict engagements reduced by 3; rank moved materially after verification,victory count dropped by 4,no
Robert L. Eichelberger,https://en.wikipedia.org/wiki/Robert_L._Eichelberger,world_wars,79,72,117,118,-38,-46,model_sensitive_band,outside_trust_headline,caution,caution,9,11,B=9; O=0; C=0; W=0,B=9; O=0; C=2; W=0,9,11,V=9; D=0; N=0; U=0,V=11; D=0; N=0; U=0,3,0,0,high,materially_inflated,23,3 structurally suspect rows; campaign reduction 2→0; rank moved materially after verification,,no
Alexander I of Russia,https://en.wikipedia.org/wiki/Alexander_I_of_Russia,revolutionary_napoleonic,99,199,107,213,-8,-14,model_sensitive_band,outside_trust_headline,caution,caution,17,22,,,13,16,,,4,3,0,high,materially_inflated,23,4 structurally suspect rows; 3 downgraded broad rows; strict engagements reduced by 5; rank moved materially after verification,known outcomes dropped by 3,no
George Crook,https://en.wikipedia.org/wiki/George_Crook,long_nineteenth_century,139,205,104,151,35,54,outside_trust_headline,outside_trust_headline,caution,caution,15,20,,,6,9,,,3,3,0,high,materially_inflated,23,3 structurally suspect rows; 3 downgraded broad rows; strict engagements reduced by 5; rank moved materially after verification,known outcomes dropped by 3,no
Carlos Coloma,https://en.wikipedia.org/wiki/Carlos_Coloma,early_modern,142,57,119,42,23,15,outside_trust_headline,outside_trust_headline,caution,caution,5,7,B=5; O=0; C=0; W=0,B=5; O=0; C=1; W=1,5,6,V=5; D=0; N=0; U=0,V=6; D=0; N=0; U=1,2,0,0,high,materially_inflated,23,2 structurally suspect rows; war-page reduction 1→0; campaign reduction 1→0; rank moved materially after verification,,no
Friedrich Wilhelm Freiherr von Bülow,https://en.wikipedia.org/wiki/Friedrich_Wilhelm_Freiherr_von_B%C3%BClow,revolutionary_napoleonic,183,179,167,162,16,17,outside_trust_headline,outside_trust_headline,caution,caution,9,11,,B=8; O=0; C=2; W=1,7,8,,V=8; D=0; N=0; U=3,2,0,0,high,materially_inflated,23,2 structurally suspect rows; war-page reduction 1→0; campaign reduction 2→0; rank moved materially after verification,victory count dropped by 8,no
Napoleon Bonaparte,https://en.wikipedia.org/wiki/Napoleon,revolutionary_napoleonic,3,3,2,3,1,0,robust_elite_core,robust_elite_core,very_high,very_high,67,74,B=65; O=0; C=0; W=2,B=63; O=0; C=6; W=5,58,62,V=49; D=9; N=0; U=9,V=51; D=11; N=0; U=12,7,3,0,moderate,high_priority_manual_audit,22,7 structurally suspect rows; 3 downgraded broad rows; war-page reduction 5→2; campaign reduction 6→0; strict engagements reduced by 7,known outcomes dropped by 4; multiple surviving battle pages still unresolved,yes
Ivan Konev,https://en.wikipedia.org/wiki/Ivan_Konev,world_wars,48,105,164,296,-116,-191,model_sensitive_band,outside_trust_headline,caution,caution,21,27,B=16; O=5; C=0; W=0,,15,19,V=9; D=5; N=1; U=6,,1,7,0,high,high_priority_manual_audit,22,1 structurally suspect rows; 7 downgraded broad rows; strict engagements reduced by 6; rank moved materially after verification,known outcomes dropped by 4; multiple surviving battle pages still unresolved,yes
Georgy Zhukov,https://en.wikipedia.org/wiki/Georgy_Zhukov,world_wars,91,181,83,173,8,8,model_sensitive_band,model_sensitive_band,caution,caution,24,30,,,20,24,,,3,6,0,moderate,materially_inflated,22,3 structurally suspect rows; 6 downgraded broad rows; strict engagements reduced by 6; rank moved materially after verification,known outcomes dropped by 4,no
Henri Gouraud,https://en.wikipedia.org/wiki/Henri_Gouraud,world_wars,147,194,176,189,-29,5,outside_trust_headline,outside_trust_headline,caution,caution,7,10,,,4,7,,,1,4,0,high,materially_inflated,22,1 structurally suspect rows; 4 downgraded broad rows; strict engagements reduced by 3; rank moved materially after verification,known outcomes dropped by 3,no
Mehmed II,https://en.wikipedia.org/wiki/Mehmed_II,medieval,7,10,16,27,-9,-17,high_confidence_upper_band,model_sensitive_band,moderate,caution,23,25,B=22; O=0; C=0; W=1,B=19; O=0; C=1; W=5,18,18,V=15; D=3; N=0; U=5,V=14; D=3; N=1; U=7,4,1,0,high,high_priority_manual_audit,21,4 structurally suspect rows; 1 downgraded broad rows; war-page reduction 5→1; campaign reduction 1→0; rank moved materially after verification,multiple surviving battle pages still unresolved; headline rank with softened trust confidence,yes
Bernard Montgomery,https://en.wikipedia.org/wiki/Bernard_Montgomery,world_wars,13,13,34,37,-21,-24,model_sensitive_band,model_sensitive_band,caution,caution,19,20,B=9; O=10; C=0; W=0,B=8; O=7; C=5; W=0,12,13,V=11; D=1; N=0; U=7,V=12; D=1; N=0; U=7,2,6,0,high,high_priority_manual_audit,21,2 structurally suspect rows; 6 downgraded broad rows; campaign reduction 5→0; rank moved materially after verification,multiple surviving battle pages still unresolved; headline rank with softened trust confidence,yes
Nikolai Vatutin,https://en.wikipedia.org/wiki/Nikolai_Vatutin,world_wars,42,52,44,62,-2,-10,model_sensitive_band,model_sensitive_band,caution,caution,13,17,B=8; O=5; C=0; W=0,B=8; O=8; C=1; W=0,11,14,V=10; D=1; N=0; U=2,V=12; D=2; N=0; U=3,1,4,0,high,materially_inflated,21,1 structurally suspect rows; 4 downgraded broad rows; campaign reduction 1→0; strict engagements reduced by 4; rank moved materially after verification,known outcomes dropped by 3,no
Peng Dehuai,https://en.wikipedia.org/wiki/Peng_Dehuai,cold_war,43,61,35,51,8,10,model_sensitive_band,model_sensitive_band,caution,caution,13,20,B=11; O=1; C=0; W=1,B=11; O=5; C=3; W=1,7,9,V=6; D=1; N=0; U=6,V=6; D=2; N=1; U=11,0,7,0,high,materially_inflated,21,7 downgraded broad rows; campaign reduction 3→0; strict engagements reduced by 7; rank moved materially after verification,multiple surviving battle pages still unresolved,no
Carl Gustaf Wrangel,https://en.wikipedia.org/wiki/Carl_Gustaf_Wrangel,early_modern,75,95,100,131,-25,-36,model_sensitive_band,model_sensitive_band,moderate,caution,10,14,,,8,9,,,2,3,0,high,materially_inflated,21,2 structurally suspect rows; 3 downgraded broad rows; strict engagements reduced by 4; rank moved materially after verification,,no
Stanisław Koniecpolski,https://en.wikipedia.org/wiki/Stanis%C5%82aw_Koniecpolski,early_modern,98,96,80,82,18,14,model_sensitive_band,model_sensitive_band,caution,caution,11,14,,B=11; O=0; C=0; W=3,7,7,,V=6; D=1; N=0; U=7,1,2,0,high,materially_inflated,21,1 structurally suspect rows; 2 downgraded broad rows; war-page reduction 3→0; strict engagements reduced by 3; rank moved materially after verification,victory count dropped by 6,no
Hayreddin Barbarossa,https://en.wikipedia.org/wiki/Hayreddin_Barbarossa,early_modern,153,45,230,121,-77,-76,outside_trust_headline,outside_trust_headline,caution,caution,5,7,B=5; O=0; C=0; W=0,,3,4,V=3; D=0; N=0; U=2,,1,3,0,high,materially_inflated,21,1 structurally suspect rows; 3 downgraded broad rows; rank moved materially after verification,,no
Andranik Ozanian,https://en.wikipedia.org/wiki/Andranik,world_wars,192,94,206,93,-14,1,outside_trust_headline,outside_trust_headline,caution,caution,4,8,,,3,4,,,0,5,0,high,materially_inflated,21,5 downgraded broad rows; strict engagements reduced by 4; rank moved materially after verification,,no
Peter Wittgenstein,https://en.wikipedia.org/wiki/Peter_Wittgenstein,revolutionary_napoleonic,16,24,20,29,-4,-5,model_sensitive_band,model_sensitive_band,caution,caution,16,18,B=15; O=0; C=0; W=1,B=14; O=0; C=2; W=2,14,15,V=10; D=4; N=0; U=2,V=11; D=4; N=0; U=3,3,0,0,moderate,materially_inflated,20,3 structurally suspect rows; war-page reduction 2→1; campaign reduction 2→0; rank moved materially after verification,headline rank with softened trust confidence,no
Babur,https://en.wikipedia.org/wiki/Babur,early_modern,17,16,12,10,5,6,model_sensitive_band,model_sensitive_band,caution,caution,11,16,B=11; O=0; C=0; W=0,B=11; O=0; C=2; W=3,7,8,V=6; D=1; N=0; U=4,V=6; D=1; N=1; U=8,0,5,0,moderate,high_priority_manual_audit,20,5 downgraded broad rows; war-page reduction 3→0; campaign reduction 2→0; strict engagements reduced by 5; rank moved materially after verification,multiple surviving battle pages still unresolved; headline rank with softened trust confidence,yes
Philip the Good,https://en.wikipedia.org/wiki/Philip_the_Good,medieval,59,47,67,61,-8,-14,model_sensitive_band,model_sensitive_band,caution,caution,9,10,B=8; O=0; C=0; W=1,B=7; O=0; C=0; W=3,8,8,V=7; D=1; N=0; U=1,V=7; D=1; N=0; U=2,3,1,0,high,materially_inflated,20,3 structurally suspect rows; 1 downgraded broad rows; war-page reduction 3→1; rank moved materially after verification,,no
Mao Zedong,https://en.wikipedia.org/wiki/Mao_Zedong,cold_war,154,167,134,147,20,20,outside_trust_headline,outside_trust_headline,caution,caution,10,13,,,4,6,,,2,1,0,high,materially_inflated,20,2 structurally suspect rows; 1 downgraded broad rows; strict engagements reduced by 3; rank moved materially after verification,,no
Marc Mitscher,https://en.wikipedia.org/wiki/Marc_Mitscher,world_wars,176,83,151,65,25,18,outside_trust_headline,outside_trust_headline,caution,caution,7,10,,,6,9,,,1,2,0,high,materially_inflated,20,1 structurally suspect rows; 2 downgraded broad rows; strict engagements reduced by 3; rank moved materially after verification,known outcomes dropped by 3,no
Mikhail Kutuzov,https://en.wikipedia.org/wiki/Mikhail_Kutuzov,revolutionary_napoleonic,19,17,19,20,0,-3,model_sensitive_band,model_sensitive_band,caution,caution,13,16,B=11; O=0; C=0; W=2,B=10; O=0; C=0; W=6,9,11,V=7; D=2; N=0; U=4,V=9; D=2; N=0; U=5,1,3,0,moderate,high_priority_manual_audit,19,1 structurally suspect rows; 3 downgraded broad rows; war-page reduction 6→2; strict engagements reduced by 3,multiple surviving battle pages still unresolved; headline rank with softened trust confidence,yes
Fyodor Tolbukhin,https://en.wikipedia.org/wiki/Fyodor_Tolbukhin,world_wars,47,49,58,81,-11,-32,model_sensitive_band,model_sensitive_band,caution,caution,13,16,B=5; O=8; C=0; W=0,B=5; O=11; C=0; W=0,10,12,V=10; D=0; N=0; U=3,V=11; D=1; N=0; U=4,0,4,0,high,materially_inflated,19,4 downgraded broad rows; strict engagements reduced by 3; rank moved materially after verification,clean record with unresolved battle outcomes,no
Stefan Czarniecki,https://en.wikipedia.org/wiki/Stefan_Czarniecki,early_modern,84,185,65,158,19,27,model_sensitive_band,model_sensitive_band,caution,caution,24,29,,,18,22,,,1,4,0,high,materially_inflated,19,1 structurally suspect rows; 4 downgraded broad rows; strict engagements reduced by 5; rank moved materially after verification,known outcomes dropped by 4,no
Ivan Bagramyan,https://en.wikipedia.org/wiki/Ivan_Bagramyan,world_wars,90,70,135,111,-45,-41,model_sensitive_band,outside_trust_headline,caution,caution,11,15,,,6,9,,,0,6,0,high,materially_inflated,19,6 downgraded broad rows; strict engagements reduced by 4; rank moved materially after verification,known outcomes dropped by 3,no
William I of the Netherlands,https://en.wikipedia.org/wiki/William_I_of_the_Netherlands,revolutionary_napoleonic,125,228,81,160,44,68,outside_trust_headline,model_sensitive_band,caution,caution,10,14,,,9,12,,,0,5,0,high,materially_inflated,19,5 downgraded broad rows; strict engagements reduced by 4; rank moved materially after verification,known outcomes dropped by 3,no
Theodoros Kolokotronis,https://en.wikipedia.org/wiki/Theodoros_Kolokotronis,long_nineteenth_century,162,73,136,56,26,17,outside_trust_headline,outside_trust_headline,caution,caution,5,8,,,4,7,,,0,3,0,high,materially_inflated,19,3 downgraded broad rows; strict engagements reduced by 3; rank moved materially after verification,known outcomes dropped by 3,no
Ivan Paskevich,https://en.wikipedia.org/wiki/Ivan_Paskevich,long_nineteenth_century,15,9,10,7,5,2,model_sensitive_band,model_sensitive_band,caution,caution,9,11,B=7; O=0; C=0; W=2,B=7; O=0; C=0; W=4,8,10,V=7; D=1; N=0; U=1,V=9; D=1; N=0; U=1,0,2,0,moderate,structurally_clean,18,2 downgraded broad rows; war-page reduction 4→2; rank moved materially after verification,headline rank with softened trust confidence,no
Stepa Stepanović,https://en.wikipedia.org/wiki/Stepa_Stepanovi%C4%87,world_wars,40,39,24,16,16,23,model_sensitive_band,model_sensitive_band,caution,caution,12,14,B=6; O=4; C=0; W=2,B=6; O=3; C=2; W=3,7,8,V=6; D=1; N=0; U=5,V=8; D=0; N=0; U=6,2,2,0,high,materially_inflated,18,2 structurally suspect rows; 2 downgraded broad rows; war-page reduction 3→2; campaign reduction 2→0; rank moved materially after verification,,no
Charles-Pierre Augereau,https://en.wikipedia.org/wiki/Charles-Pierre_Augereau,revolutionary_napoleonic,46,89,26,45,20,44,model_sensitive_band,model_sensitive_band,caution,caution,29,32,B=24; O=0; C=0; W=5,B=23; O=0; C=4; W=5,26,28,V=20; D=6; N=0; U=3,V=22; D=6; N=0; U=4,3,1,0,high,materially_inflated,18,3 structurally suspect rows; 1 downgraded broad rows; campaign reduction 4→0; strict engagements reduced by 3; rank moved materially after verification,,no
Jan Karol Chodkiewicz,https://en.wikipedia.org/wiki/Jan_Karol_Chodkiewicz,early_modern,56,65,47,52,9,13,model_sensitive_band,high_confidence_upper_band,moderate,moderate,12,16,B=12; O=0; C=0; W=0,B=12; O=0; C=0; W=4,9,10,V=8; D=1; N=0; U=3,V=9; D=1; N=0; U=6,1,3,0,high,materially_inflated,18,1 structurally suspect rows; 3 downgraded broad rows; war-page reduction 4→0; strict engagements reduced by 4; rank moved materially after verification,,no
Agha Petros,https://en.wikipedia.org/wiki/Agha_Petros,world_wars,64,68,195,183,-131,-115,model_sensitive_band,outside_trust_headline,caution,caution,6,9,B=6; O=0; C=0; W=0,,5,6,V=5; D=0; N=0; U=1,,0,5,0,high,materially_inflated,18,5 downgraded broad rows; strict engagements reduced by 3; rank moved materially after verification,,no
Nikolai Yudenich,https://en.wikipedia.org/wiki/Nikolai_Yudenich,world_wars,89,130,99,134,-10,-4,model_sensitive_band,model_sensitive_band,caution,caution,10,12,,,8,9,,,2,2,0,high,materially_inflated,18,2 structurally suspect rows; 2 downgraded broad rows; rank moved materially after verification,,no
Yamagata Aritomo,https://en.wikipedia.org/wiki/Yamagata_Aritomo,long_nineteenth_century,116,59,101,48,15,11,outside_trust_headline,outside_trust_headline,caution,caution,9,10,,B=6; O=0; C=0; W=4,6,7,,V=7; D=0; N=0; U=3,1,0,0,high,materially_inflated,18,1 structurally suspect rows; war-page reduction 4→0; rank moved materially after verification,victory count dropped by 7,no
Heraclius,https://en.wikipedia.org/wiki/Heraclius,medieval,119,204,105,164,14,40,outside_trust_headline,outside_trust_headline,caution,caution,12,14,,,12,13,,,3,1,0,high,materially_inflated,18,3 structurally suspect rows; 1 downgraded broad rows; rank moved materially after verification,,no
Rodolfo Graziani,https://en.wikipedia.org/wiki/Rodolfo_Graziani,world_wars,135,213,132,209,3,4,outside_trust_headline,outside_trust_headline,caution,caution,11,14,,,5,9,,,3,2,0,moderate,materially_inflated,18,3 structurally suspect rows; 2 downgraded broad rows; strict engagements reduced by 3,known outcomes dropped by 4,no
Jean-de-Dieu Soult,https://en.wikipedia.org/wiki/Jean-de-Dieu_Soult,revolutionary_napoleonic,163,339,149,309,14,30,outside_trust_headline,outside_trust_headline,caution,caution,46,50,,,38,42,,,5,0,0,high,materially_inflated,18,5 structurally suspect rows; strict engagements reduced by 4; rank moved materially after verification,known outcomes dropped by 4,no
Stanisław Rewera Potocki,https://en.wikipedia.org/wiki/Stanis%C5%82aw_Rewera_Potocki,early_modern,180,318,161,282,19,36,outside_trust_headline,outside_trust_headline,caution,caution,14,18,,,8,11,,,1,3,0,high,materially_inflated,18,1 structurally suspect rows; 3 downgraded broad rows; strict engagements reduced by 4; rank moved materially after verification,known outcomes dropped by 3,no
George Washington,https://en.wikipedia.org/wiki/George_Washington,early_modern,196,413,184,400,12,13,outside_trust_headline,outside_trust_headline,caution,caution,20,24,,,17,17,,,4,1,0,high,materially_inflated,18,4 structurally suspect rows; 1 downgraded broad rows; strict engagements reduced by 4; rank moved materially after verification,,no
Petar Bojović,https://en.wikipedia.org/wiki/Petar_Bojovi%C4%87,long_nineteenth_century,21,15,30,17,-9,-2,model_sensitive_band,model_sensitive_band,caution,caution,9,11,B=4; O=3; C=0; W=2,B=4; O=3; C=1; W=3,7,8,V=7; D=0; N=0; U=2,V=8; D=0; N=0; U=3,0,3,0,moderate,mildly_inflated,17,3 downgraded broad rows; war-page reduction 3→2; campaign reduction 1→0; rank moved materially after verification,headline rank with softened trust confidence,no
Rodion Malinovsky,https://en.wikipedia.org/wiki/Rodion_Malinovsky,world_wars,49,69,49,71,0,-2,model_sensitive_band,model_sensitive_band,caution,caution,16,22,B=8; O=7; C=0; W=1,B=8; O=13; C=0; W=1,12,15,V=11; D=1; N=0; U=4,V=13; D=2; N=0; U=7,0,7,0,moderate,high_priority_manual_audit,17,7 downgraded broad rows; strict engagements reduced by 6,known outcomes dropped by 3; multiple surviving battle pages still unresolved,yes
Frederick the Great,https://en.wikipedia.org/wiki/Frederick_the_Great,early_modern,54,97,46,83,8,14,model_sensitive_band,model_sensitive_band,caution,caution,26,28,,B=21; O=0; C=0; W=7,23,24,,V=18; D=6; N=0; U=4,1,1,0,high,materially_inflated,17,1 structurally suspect rows; 1 downgraded broad rows; war-page reduction 7→0; rank moved materially after verification,victory count dropped by 18,no
Dragut,https://en.wikipedia.org/wiki/Dragut,early_modern,55,60,112,90,-57,-30,model_sensitive_band,outside_trust_headline,caution,caution,8,10,,,6,7,,,1,2,0,high,materially_inflated,17,1 structurally suspect rows; 2 downgraded broad rows; rank moved materially after verification,,no
Shapur I,https://en.wikipedia.org/wiki/Shapur_I,ancient,71,103,69,101,2,2,model_sensitive_band,model_sensitive_band,caution,caution,13,17,,,9,10,,,4,1,0,moderate,materially_inflated,17,4 structurally suspect rows; 1 downgraded broad rows; strict engagements reduced by 4,,no
Jerzy Sebastian Lubomirski,https://en.wikipedia.org/wiki/Jerzy_Sebastian_Lubomirski,early_modern,103,98,87,86,16,12,outside_trust_headline,model_sensitive_band,caution,moderate,7,9,,,6,8,,,1,1,0,high,materially_inflated,17,1 structurally suspect rows; 1 downgraded broad rows; rank moved materially after verification,,no
Henry Maitland Wilson,https://en.wikipedia.org/wiki/Henry_Maitland_Wilson,world_wars,134,150,122,116,12,34,outside_trust_headline,outside_trust_headline,caution,caution,7,9,,,7,8,,,1,2,0,high,materially_inflated,17,1 structurally suspect rows; 2 downgraded broad rows; rank moved materially after verification,,no
"Frederick Henry, Prince of Orange",https://en.wikipedia.org/wiki/Frederick_Henry%2C_Prince_of_Orange,early_modern,143,171,169,224,-26,-53,outside_trust_headline,outside_trust_headline,caution,caution,10,12,,,9,8,,,2,1,0,high,materially_inflated,17,2 structurally suspect rows; 1 downgraded broad rows; rank moved materially after verification,,no
"Louis, Grand Condé",https://en.wikipedia.org/wiki/Louis%2C_Grand_Cond%C3%A9,early_modern,151,202,128,181,23,21,outside_trust_headline,outside_trust_headline,caution,caution,13,16,,,8,8,,,3,0,0,high,materially_inflated,17,3 structurally suspect rows; strict engagements reduced by 3; rank moved materially after verification,,no
Juan Yagüe,https://en.wikipedia.org/wiki/Juan_Yag%C3%BCe,world_wars,170,173,158,150,12,23,outside_trust_headline,outside_trust_headline,caution,caution,7,9,,,7,9,,,1,1,0,high,materially_inflated,17,1 structurally suspect rows; 1 downgraded broad rows; rank moved materially after verification,,no
Erich Hoepner,https://en.wikipedia.org/wiki/Erich_Hoepner,world_wars,189,176,170,155,19,21,outside_trust_headline,outside_trust_headline,caution,caution,10,11,,B=9; O=1; C=1; W=0,7,7,,V=6; D=1; N=0; U=4,1,0,0,high,materially_inflated,17,1 structurally suspect rows; campaign reduction 1→0; rank moved materially after verification,victory count dropped by 6,no
Pyotr Rumyantsev,https://en.wikipedia.org/wiki/Pyotr_Rumyantsev,early_modern,191,165,171,141,20,24,outside_trust_headline,outside_trust_headline,caution,caution,6,8,,,6,8,,,1,1,0,high,materially_inflated,17,1 structurally suspect rows; 1 downgraded broad rows; rank moved materially after verification,,no
Gustav Horn,https://en.wikipedia.org/wiki/Gustav_Horn,early_modern,200,316,181,301,19,15,outside_trust_headline,outside_trust_headline,caution,caution,10,12,,,8,11,,,1,2,0,high,materially_inflated,17,1 structurally suspect rows; 2 downgraded broad rows; rank moved materially after verification,known outcomes dropped by 3,no
Alexander Suvorov,https://en.wikipedia.org/wiki/Alexander_Suvorov,revolutionary_napoleonic,2,2,3,2,-1,0,robust_elite_core,robust_elite_core,high,high,20,24,B=19; O=0; C=0; W=1,B=18; O=0; C=1; W=5,18,20,V=17; D=1; N=0; U=2,V=18; D=2; N=0; U=4,2,3,0,moderate,mildly_inflated,16,2 structurally suspect rows; 3 downgraded broad rows; war-page reduction 5→1; campaign reduction 1→0; strict engagements reduced by 4,,no
"Henri de La Tour d'Auvergne, Viscount of Turenne",https://en.wikipedia.org/wiki/Henri_de_La_Tour_d%27Auvergne%2C_Viscount_of_Turenne,early_modern,20,18,14,13,6,5,high_confidence_upper_band,high_confidence_upper_band,moderate,moderate,20,23,B=17; O=0; C=0; W=3,B=17; O=0; C=0; W=6,12,12,V=11; D=1; N=0; U=8,V=11; D=1; N=0; U=11,2,1,0,moderate,high_priority_manual_audit,16,2 structurally suspect rows; 1 downgraded broad rows; war-page reduction 6→3; strict engagements reduced by 3; rank moved materially after verification,multiple surviving battle pages still unresolved; headline rank with softened trust confidence,yes
Jassa Singh Ahluwalia,https://en.wikipedia.org/wiki/Jassa_Singh_Ahluwalia,early_modern,52,42,43,30,9,12,model_sensitive_band,model_sensitive_band,caution,caution,11,13,B=10; O=0; C=0; W=1,B=10; O=0; C=1; W=2,7,7,V=6; D=0; N=1; U=4,V=6; D=0; N=1; U=6,1,1,0,high,materially_inflated,16,1 structurally suspect rows; 1 downgraded broad rows; war-page reduction 2→1; campaign reduction 1→0; rank moved materially after verification,,no
Ambrogio Spinola,https://en.wikipedia.org/wiki/Ambrogio_Spinola,early_modern,88,121,73,98,15,23,model_sensitive_band,model_sensitive_band,caution,caution,11,14,,,8,9,,,1,2,0,high,materially_inflated,16,1 structurally suspect rows; 2 downgraded broad rows; strict engagements reduced by 3; rank moved materially after verification,,no
Cardinal-Infante Ferdinand of Austria,https://en.wikipedia.org/wiki/Cardinal-Infante_Ferdinand_of_Austria,early_modern,133,124,180,139,-47,-15,outside_trust_headline,outside_trust_headline,caution,caution,9,10,B=8; O=0; C=0; W=1,,7,6,V=7; D=0; N=0; U=2,,2,1,0,high,materially_inflated,16,2 structurally suspect rows; 1 downgraded broad rows; rank moved materially after verification,,no
Gebhard Leberecht von Blücher,https://en.wikipedia.org/wiki/Gebhard_Leberecht_von_Bl%C3%BCcher,revolutionary_napoleonic,185,344,168,313,17,31,outside_trust_headline,outside_trust_headline,caution,caution,20,22,,,17,19,,,3,0,0,high,materially_inflated,16,3 structurally suspect rows; rank moved materially after verification,,no
Charles X Gustav,https://en.wikipedia.org/wiki/Charles_X_Gustav,early_modern,70,111,84,142,-14,-31,model_sensitive_band,model_sensitive_band,caution,caution,13,16,B=13; O=0; C=0; W=0,,13,15,V=9; D=3; N=1; U=0,,0,4,0,high,materially_inflated,15,4 downgraded broad rows; strict engagements reduced by 3; rank moved materially after verification,,no
Abdulaziz Ibn Saud,https://en.wikipedia.org/wiki/Ibn_Saud,long_nineteenth_century,122,180,207,285,-85,-105,outside_trust_headline,outside_trust_headline,caution,caution,12,11,,,6,6,,,2,3,0,high,materially_inflated,15,2 structurally suspect rows; 3 downgraded broad rows; rank moved materially after verification,,no
Aleksey Yermolov,https://en.wikipedia.org/wiki/Aleksey_Yermolov,revolutionary_napoleonic,123,164,174,185,-51,-21,outside_trust_headline,outside_trust_headline,caution,caution,9,10,,,7,7,,,2,0,0,high,materially_inflated,15,2 structurally suspect rows; rank moved materially after verification,,no
Craterus,https://en.wikipedia.org/wiki/Craterus,ancient,128,160,111,137,17,23,outside_trust_headline,outside_trust_headline,caution,caution,9,11,,,8,9,,,1,1,0,high,materially_inflated,15,1 structurally suspect rows; 1 downgraded broad rows; rank moved materially after verification,,no
Robert Clive,https://en.wikipedia.org/wiki/Robert_Clive,early_modern,137,131,123,113,14,18,outside_trust_headline,outside_trust_headline,caution,caution,9,10,,B=8; O=0; C=0; W=2,7,8,,V=7; D=1; N=0; U=2,0,1,0,high,materially_inflated,15,1 downgraded broad rows; war-page reduction 2→0; rank moved materially after verification,victory count dropped by 7,no
Shimazu Yoshihiro,https://en.wikipedia.org/wiki/Shimazu_Yoshihiro,early_modern,164,240,148,220,16,20,outside_trust_headline,outside_trust_headline,caution,caution,11,13,,,9,11,,,1,1,0,high,materially_inflated,15,1 structurally suspect rows; 1 downgraded broad rows; rank moved materially after verification,,no
Ali İhsan Sâbis,https://en.wikipedia.org/wiki/Ali_%C4%B0hsan_S%C3%A2bis,world_wars,167,209,249,299,-82,-90,outside_trust_headline,outside_trust_headline,caution,caution,6,8,,,6,7,,,0,3,0,high,materially_inflated,15,3 downgraded broad rows; rank moved materially after verification,,no
Giovanni Messe,https://en.wikipedia.org/wiki/Giovanni_Messe,world_wars,173,278,193,215,-20,63,outside_trust_headline,outside_trust_headline,caution,caution,9,9,,,7,7,,,2,1,0,high,materially_inflated,15,2 structurally suspect rows; 1 downgraded broad rows; rank moved materially after verification,,no
Jean Victor Marie Moreau,https://en.wikipedia.org/wiki/Jean_Victor_Marie_Moreau,revolutionary_napoleonic,28,44,21,33,7,11,high_confidence_upper_band,strong_upper_tier,moderate,high,22,25,B=22; O=0; C=0; W=0,B=22; O=0; C=1; W=2,20,21,V=14; D=5; N=1; U=2,V=15; D=5; N=1; U=4,1,2,0,high,materially_inflated,14,1 structurally suspect rows; 2 downgraded broad rows; war-page reduction 2→0; campaign reduction 1→0; strict engagements reduced by 3; rank moved materially after verification,,no
Stanisław Żółkiewski,https://en.wikipedia.org/wiki/Stanis%C5%82aw_%C5%BB%C3%B3%C5%82kiewski,early_modern,37,30,31,24,6,6,high_confidence_upper_band,high_confidence_upper_band,moderate,moderate,11,15,B=11; O=0; C=0; W=0,B=11; O=0; C=0; W=4,9,10,V=8; D=1; N=0; U=2,V=9; D=1; N=0; U=5,0,4,0,moderate,mildly_inflated,14,4 downgraded broad rows; war-page reduction 4→0; strict engagements reduced by 4; rank moved materially after verification,,no
Gustavus Adolphus,https://en.wikipedia.org/wiki/Gustavus_Adolphus,early_modern,66,117,55,99,11,18,model_sensitive_band,model_sensitive_band,caution,caution,20,23,,,12,15,,,0,4,0,high,materially_inflated,14,4 downgraded broad rows; strict engagements reduced by 3; rank moved materially after verification,known outcomes dropped by 3,no
"Édouard Mortier, Duke of Treviso",https://en.wikipedia.org/wiki/%C3%89douard_Mortier%2C_Duke_of_Treviso,revolutionary_napoleonic,80,154,56,117,24,37,model_sensitive_band,model_sensitive_band,caution,caution,22,24,,,18,19,,,3,0,0,high,materially_inflated,14,3 structurally suspect rows; rank moved materially after verification,,no
Date Masamune,https://en.wikipedia.org/wiki/Date_Masamune,early_modern,105,40,89,32,16,8,outside_trust_headline,model_sensitive_band,caution,caution,7,8,B=6; O=0; C=0; W=1,B=6; O=0; C=1; W=1,6,7,V=6; D=0; N=0; U=1,V=7; D=0; N=0; U=1,1,0,0,high,materially_inflated,14,1 structurally suspect rows; campaign reduction 1→0; rank moved materially after verification,,no
Bertrand du Guesclin,https://en.wikipedia.org/wiki/Bertrand_du_Guesclin,medieval,111,141,95,125,16,16,outside_trust_headline,model_sensitive_band,caution,caution,10,12,,,9,10,,,1,1,0,high,materially_inflated,14,1 structurally suspect rows; 1 downgraded broad rows; rank moved materially after verification,,no
Wolfram von Richthofen,https://en.wikipedia.org/wiki/Wolfram_von_Richthofen,world_wars,140,75,433,317,-293,-242,outside_trust_headline,outside_trust_headline,caution,caution,8,7,,,5,4,,,1,2,0,high,materially_inflated,14,1 structurally suspect rows; 2 downgraded broad rows; rank moved materially after verification,,no
Prince Eugene of Savoy,https://en.wikipedia.org/wiki/Prince_Eugene_of_Savoy,early_modern,150,270,125,244,25,26,outside_trust_headline,outside_trust_headline,caution,caution,26,30,,,17,19,,,0,4,0,high,materially_inflated,14,4 downgraded broad rows; strict engagements reduced by 4; rank moved materially after verification,,no
Basil II,https://en.wikipedia.org/wiki/Basil_II,medieval,156,142,131,123,25,19,outside_trust_headline,outside_trust_headline,caution,caution,8,10,,,8,8,,,1,1,0,high,materially_inflated,14,1 structurally suspect rows; 1 downgraded broad rows; rank moved materially after verification,,no
Julian,https://en.wikipedia.org/wiki/Julian_(emperor),ancient,158,193,137,167,21,26,outside_trust_headline,outside_trust_headline,caution,caution,10,12,,B=10; O=0; C=1; W=1,10,11,,V=8; D=3; N=0; U=1,0,0,0,high,materially_inflated,14,war-page reduction 1→0; campaign reduction 1→0; rank moved materially after verification,victory count dropped by 8,no
Karl Philipp von Wrede,https://en.wikipedia.org/wiki/Karl_Philipp_von_Wrede,revolutionary_napoleonic,182,287,160,252,22,35,outside_trust_headline,outside_trust_headline,caution,caution,11,13,,,10,11,,,1,1,0,high,materially_inflated,14,1 structurally suspect rows; 1 downgraded broad rows; rank moved materially after verification,,no
Ras Alula,https://en.wikipedia.org/wiki/Ras_Alula,long_nineteenth_century,187,87,280,179,-93,-92,outside_trust_headline,outside_trust_headline,caution,caution,6,7,,,6,6,,,1,1,0,high,materially_inflated,14,1 structurally suspect rows; 1 downgraded broad rows; rank moved materially after verification,,no
"Jean-Baptiste Drouet, Comte d'Erlon",https://en.wikipedia.org/wiki/Jean-Baptiste_Drouet%2C_Comte_d%27Erlon,revolutionary_napoleonic,198,153,173,127,25,26,outside_trust_headline,outside_trust_headline,caution,caution,6,7,,,5,6,,,1,0,0,high,materially_inflated,14,1 structurally suspect rows; rank moved materially after verification,,no
Oliver Cromwell,https://en.wikipedia.org/wiki/Oliver_Cromwell,early_modern,69,74,60,79,9,-5,model_sensitive_band,model_sensitive_band,caution,caution,19,22,B=15; O=0; C=0; W=4,,6,7,V=6; D=0; N=0; U=13,,0,4,0,moderate,mildly_inflated,13,4 downgraded broad rows; strict engagements reduced by 3; rank moved materially after verification,,no
Amr ibn al-As,https://en.wikipedia.org/wiki/Amr_ibn_al-As,medieval,86,63,66,50,20,13,model_sensitive_band,model_sensitive_band,caution,caution,12,13,B=12; O=0; C=0; W=0,B=12; O=0; C=0; W=1,7,8,V=7; D=0; N=0; U=5,V=8; D=0; N=0; U=5,0,1,0,high,materially_inflated,13,1 downgraded broad rows; war-page reduction 1→0; rank moved materially after verification,,no
Michel Ney,https://en.wikipedia.org/wiki/Michel_Ney,revolutionary_napoleonic,106,230,82,195,24,35,outside_trust_headline,model_sensitive_band,caution,caution,42,44,,,29,31,,,4,0,0,high,materially_inflated,13,4 structurally suspect rows; rank moved materially after verification,,no
Auguste de Marmont,https://en.wikipedia.org/wiki/Auguste_de_Marmont,revolutionary_napoleonic,126,238,140,269,-14,-31,outside_trust_headline,outside_trust_headline,caution,caution,22,24,,,19,20,,,2,1,0,high,materially_inflated,13,2 structurally suspect rows; 1 downgraded broad rows; rank moved materially after verification,,no
Murad II,https://en.wikipedia.org/wiki/Murad_II,medieval,141,200,156,235,-15,-35,outside_trust_headline,outside_trust_headline,caution,caution,13,15,,,8,9,,,1,2,0,high,materially_inflated,13,1 structurally suspect rows; 2 downgraded broad rows; rank moved materially after verification,,no
Maurice de Saxe,https://en.wikipedia.org/wiki/Maurice_de_Saxe,early_modern,157,147,138,132,19,15,outside_trust_headline,outside_trust_headline,caution,caution,10,11,B=9; O=0; C=0; W=1,B=9; O=0; C=0; W=2,9,10,V=9; D=0; N=0; U=1,V=10; D=0; N=0; U=1,1,0,0,high,materially_inflated,13,1 structurally suspect rows; war-page reduction 2→1; rank moved materially after verification,,no
Hulusi Akar,https://en.wikipedia.org/wiki/Hulusi_Akar,contemporary,169,170,170,170,-1,0,outside_trust_headline,outside_trust_headline,caution,caution,13,14,,,4,2,,,4,0,0,stable,materially_inflated,13,4 structurally suspect rows,,no
Kuroda Yoshitaka,https://en.wikipedia.org/wiki/Kuroda_Yoshitaka,early_modern,188,148,259,159,-71,-11,outside_trust_headline,outside_trust_headline,caution,caution,10,10,B=10; O=0; C=0; W=0,,5,5,V=5; D=0; N=0; U=5,,1,0,0,high,materially_inflated,13,1 structurally suspect rows; rank moved materially after verification,,no
André Masséna,https://en.wikipedia.org/wiki/Andr%C3%A9_Mass%C3%A9na,revolutionary_napoleonic,14,23,11,18,3,5,strong_upper_tier,robust_elite_core,high,very_high,43,46,B=40; O=0; C=0; W=3,B=40; O=0; C=2; W=4,36,37,V=29; D=7; N=0; U=7,V=30; D=7; N=0; U=9,2,1,0,moderate,mildly_inflated,12,2 structurally suspect rows; 1 downgraded broad rows; war-page reduction 4→3; campaign reduction 2→0; strict engagements reduced by 3; rank moved materially after verification,multiple surviving battle pages still unresolved,no
John III Sobieski,https://en.wikipedia.org/wiki/John_III_Sobieski,early_modern,51,58,45,46,6,12,model_sensitive_band,high_confidence_upper_band,moderate,moderate,11,13,B=10; O=0; C=0; W=1,B=10; O=0; C=0; W=3,9,10,V=8; D=1; N=0; U=2,V=9; D=1; N=0; U=3,0,2,0,high,materially_inflated,12,2 downgraded broad rows; war-page reduction 3→1; rank moved materially after verification,,no
Konstantin Rokossovsky,https://en.wikipedia.org/wiki/Konstantin_Rokossovsky,world_wars,73,118,96,148,-23,-30,model_sensitive_band,model_sensitive_band,caution,caution,17,19,,,15,17,,,0,3,0,high,materially_inflated,12,3 downgraded broad rows; rank moved materially after verification,,no
Michiel de Ruyter,https://en.wikipedia.org/wiki/Michiel_de_Ruyter,early_modern,87,138,70,112,17,26,model_sensitive_band,model_sensitive_band,caution,caution,15,17,,,10,11,,,1,1,0,high,materially_inflated,12,1 structurally suspect rows; 1 downgraded broad rows; rank moved materially after verification,,no
Sayenqueraghta,https://en.wikipedia.org/wiki/Sayenqueraghta,early_modern,97,102,77,85,20,17,model_sensitive_band,model_sensitive_band,caution,caution,9,10,,,8,9,,,1,0,0,high,materially_inflated,12,1 structurally suspect rows; rank moved materially after verification,,no
Honda Tadakatsu,https://en.wikipedia.org/wiki/Honda_Tadakatsu,early_modern,110,100,90,84,20,16,outside_trust_headline,model_sensitive_band,caution,caution,10,11,,,8,9,,,1,0,0,high,materially_inflated,12,1 structurally suspect rows; rank moved materially after verification,,no
Ernst Gideon von Laudon,https://en.wikipedia.org/wiki/Ernst_Gideon_von_Laudon,early_modern,112,162,93,136,19,26,outside_trust_headline,model_sensitive_band,caution,caution,12,14,,,11,11,,,1,1,0,high,materially_inflated,12,1 structurally suspect rows; 1 downgraded broad rows; rank moved materially after verification,,no
Suhayl al-Hasan,https://en.wikipedia.org/wiki/Suhayl_al-Hasan,contemporary,127,168,120,149,7,19,outside_trust_headline,outside_trust_headline,caution,caution,26,29,,,8,9,,,0,4,0,high,materially_inflated,12,4 downgraded broad rows; strict engagements reduced by 3; rank moved materially after verification,,no
Lennart Torstensson,https://en.wikipedia.org/wiki/Lennart_Torstensson,early_modern,146,125,133,122,13,3,outside_trust_headline,outside_trust_headline,caution,caution,12,12,B=10; O=0; C=0; W=2,B=10; O=0; C=0; W=2,8,8,V=8; D=0; N=0; U=4,V=8; D=0; N=0; U=4,1,0,0,high,materially_inflated,12,1 structurally suspect rows; rank moved materially after verification,,no
Zhang Fakui,https://en.wikipedia.org/wiki/Zhang_Fakui,world_wars,152,216,127,191,25,25,outside_trust_headline,outside_trust_headline,caution,caution,9,11,,,8,9,,,0,2,0,high,materially_inflated,12,2 downgraded broad rows; rank moved materially after verification,,no
Xue Yue,https://en.wikipedia.org/wiki/Xue_Yue,world_wars,199,393,178,356,21,37,outside_trust_headline,outside_trust_headline,caution,caution,14,17,,,11,11,,,0,3,0,high,materially_inflated,12,3 downgraded broad rows; strict engagements reduced by 3; rank moved materially after verification,,no
Louis-Gabriel Suchet,https://en.wikipedia.org/wiki/Louis-Gabriel_Suchet,revolutionary_napoleonic,23,28,18,22,5,6,high_confidence_upper_band,strong_upper_tier,moderate,high,21,21,B=19; O=0; C=0; W=2,B=18; O=0; C=1; W=2,18,19,V=15; D=3; N=0; U=3,V=15; D=4; N=0; U=2,1,0,0,moderate,mildly_inflated,11,1 structurally suspect rows; campaign reduction 1→0; rank moved materially after verification,headline rank with softened trust confidence,no
George S. Patton,https://en.wikipedia.org/wiki/George_S._Patton,world_wars,45,50,129,145,-84,-95,model_sensitive_band,outside_trust_headline,caution,caution,11,9,B=6; O=5; C=0; W=0,,10,8,V=9; D=0; N=1; U=1,,1,1,0,high,materially_inflated,11,1 structurally suspect rows; 1 downgraded broad rows; rank moved materially after verification,,no
Ferdinand Foch,https://en.wikipedia.org/wiki/Ferdinand_Foch,world_wars,61,84,91,119,-30,-35,model_sensitive_band,model_sensitive_band,caution,caution,19,20,B=18; O=1; C=0; W=0,B=17; O=3; C=0; W=0,14,15,V=11; D=1; N=2; U=5,V=12; D=1; N=2; U=5,0,3,0,high,materially_inflated,11,3 downgraded broad rows; rank moved materially after verification,,no
Maeda Toshiie,https://en.wikipedia.org/wiki/Maeda_Toshiie,early_modern,121,109,106,92,15,17,outside_trust_headline,outside_trust_headline,caution,caution,11,11,,B=10; O=0; C=0; W=1,9,9,,V=8; D=1; N=0; U=2,0,0,0,high,materially_inflated,11,war-page reduction 1→0; rank moved materially after verification,victory count dropped by 8,no
Jan Zamoyski,https://en.wikipedia.org/wiki/Jan_Zamoyski,early_modern,166,92,152,78,14,14,outside_trust_headline,outside_trust_headline,caution,caution,7,9,,,6,6,,,0,2,0,high,materially_inflated,11,2 downgraded broad rows; rank moved materially after verification,,no
Eugène de Beauharnais,https://en.wikipedia.org/wiki/Eug%C3%A8ne_de_Beauharnais,revolutionary_napoleonic,168,331,150,271,18,60,outside_trust_headline,outside_trust_headline,caution,caution,22,23,,,17,18,,,1,2,0,high,materially_inflated,11,1 structurally suspect rows; 2 downgraded broad rows; rank moved materially after verification,,no
Abdul Rashid Dostum,https://en.wikipedia.org/wiki/Abdul_Rashid_Dostum,contemporary,174,107,217,156,-43,-49,outside_trust_headline,outside_trust_headline,caution,caution,8,8,,,4,5,,,0,3,0,high,materially_inflated,11,3 downgraded broad rows; rank moved materially after verification,,no
Faisal bin Hussein,https://en.wikipedia.org/wiki/Faisal_I,world_wars,179,178,227,253,-48,-75,outside_trust_headline,outside_trust_headline,caution,caution,9,9,,,5,6,,,0,3,0,high,materially_inflated,11,3 downgraded broad rows; rank moved materially after verification,,no
Bai Chongxi,https://en.wikipedia.org/wiki/Bai_Chongxi,world_wars,186,378,159,315,27,63,outside_trust_headline,outside_trust_headline,caution,caution,15,18,,,11,11,,,0,3,0,high,materially_inflated,11,3 downgraded broad rows; strict engagements reduced by 3; rank moved materially after verification,,no
Subutai,https://en.wikipedia.org/wiki/Subutai,medieval,8,6,13,11,-5,-5,high_confidence_upper_band,high_confidence_upper_band,moderate,moderate,16,14,B=13; O=0; C=0; W=3,B=12; O=0; C=1; W=1,14,11,V=13; D=1; N=0; U=2,V=10; D=1; N=0; U=3,0,1,0,moderate,structurally_clean,10,1 downgraded broad rows; campaign reduction 1→0; rank moved materially after verification,headline rank with softened trust confidence,no
Louis-Nicolas Davout,https://en.wikipedia.org/wiki/Louis-Nicolas_Davout,revolutionary_napoleonic,10,11,7,8,3,3,robust_elite_core,robust_elite_core,high,high,25,25,B=22; O=0; C=0; W=3,B=19; O=0; C=3; W=3,20,21,V=15; D=5; N=0; U=5,V=16; D=5; N=0; U=4,3,0,0,stable,mildly_inflated,10,3 structurally suspect rows; campaign reduction 3→0,multiple surviving battle pages still unresolved,no
Ögedei Khan,https://en.wikipedia.org/wiki/%C3%96gedei_Khan,medieval,34,29,142,144,-108,-115,model_sensitive_band,outside_trust_headline,caution,caution,12,10,B=9; O=0; C=0; W=3,,10,7,V=9; D=1; N=0; U=2,,1,1,0,high,materially_inflated,10,1 structurally suspect rows; 1 downgraded broad rows; rank moved materially after verification,,no
Maharaja Ranjit Singh,https://en.wikipedia.org/wiki/Ranjit_Singh,long_nineteenth_century,76,80,57,68,19,12,model_sensitive_band,model_sensitive_band,caution,caution,11,12,,,8,8,,,1,0,0,high,materially_inflated,10,1 structurally suspect rows; rank moved materially after verification,,no
Matvei Platov,https://en.wikipedia.org/wiki/Matvei_Platov,revolutionary_napoleonic,92,93,110,104,-18,-11,model_sensitive_band,outside_trust_headline,caution,caution,10,10,B=10; O=0; C=0; W=0,B=9; O=0; C=1; W=0,9,9,V=8; D=1; N=0; U=1,V=8; D=1; N=0; U=1,1,0,0,high,materially_inflated,10,1 structurally suspect rows; campaign reduction 1→0; rank moved materially after verification,,no
Hari Singh Nalwa,https://en.wikipedia.org/wiki/Hari_Singh_Nalwa,long_nineteenth_century,94,90,75,75,19,15,model_sensitive_band,model_sensitive_band,caution,caution,11,12,B=10; O=0; C=0; W=1,B=10; O=0; C=0; W=2,9,9,V=7; D=1; N=1; U=2,V=7; D=1; N=1; U=3,1,0,0,high,materially_inflated,10,1 structurally suspect rows; war-page reduction 2→1; rank moved materially after verification,,no
Katō Kiyomasa,https://en.wikipedia.org/wiki/Kat%C5%8D_Kiyomasa,early_modern,96,88,157,138,-61,-50,model_sensitive_band,outside_trust_headline,caution,caution,12,12,B=11; O=0; C=0; W=1,B=11; O=0; C=1; W=0,7,7,V=6; D=1; N=0; U=5,V=7; D=0; N=0; U=5,1,0,0,high,materially_inflated,10,1 structurally suspect rows; campaign reduction 1→0; rank moved materially after verification,,no
Alexander the Great,https://en.wikipedia.org/wiki/Alexander_the_Great,ancient,100,137,97,129,3,8,model_sensitive_band,model_sensitive_band,caution,caution,18,19,,,8,9,,,2,0,0,moderate,mildly_inflated,10,2 structurally suspect rows; rank moved materially after verification,,no
Charat Singh,https://en.wikipedia.org/wiki/Charat_Singh,early_modern,131,122,71,58,60,64,outside_trust_headline,model_sensitive_band,caution,caution,11,13,,,6,6,,,0,2,0,high,materially_inflated,10,2 downgraded broad rows; rank moved materially after verification,,no
Jean-Baptiste Bessières,https://en.wikipedia.org/wiki/Jean-Baptiste_Bessi%C3%A8res,revolutionary_napoleonic,148,254,116,204,32,50,outside_trust_headline,outside_trust_headline,caution,caution,17,17,,,15,15,,,2,0,0,high,materially_inflated,10,2 structurally suspect rows; rank moved materially after verification,,no
Gerd von Rundstedt,https://en.wikipedia.org/wiki/Gerd_von_Rundstedt,world_wars,155,264,208,388,-53,-124,outside_trust_headline,outside_trust_headline,caution,caution,20,20,,,10,10,,,1,4,0,high,materially_inflated,10,1 structurally suspect rows; 4 downgraded broad rows; rank moved materially after verification,,no
Belisarius,https://en.wikipedia.org/wiki/Belisarius,medieval,38,43,29,31,9,12,high_confidence_upper_band,high_confidence_upper_band,moderate,high,18,19,B=15; O=0; C=0; W=3,B=15; O=0; C=0; W=4,17,18,V=12; D=4; N=1; U=1,V=13; D=4; N=1; U=1,0,1,0,high,materially_inflated,9,1 downgraded broad rows; war-page reduction 4→3; rank moved materially after verification,,no
Fedor von Bock,https://en.wikipedia.org/wiki/Fedor_von_Bock,world_wars,53,79,154,221,-101,-142,model_sensitive_band,outside_trust_headline,caution,caution,18,15,B=13; O=5; C=0; W=0,B=12; O=3; C=0; W=0,13,10,V=11; D=2; N=0; U=5,V=8; D=2; N=0; U=5,0,4,0,high,materially_inflated,9,4 downgraded broad rows; rank moved materially after verification,,no
Claude-Victor Perrin,https://en.wikipedia.org/wiki/Claude-Victor_Perrin,revolutionary_napoleonic,65,146,52,124,13,22,model_sensitive_band,model_sensitive_band,caution,caution,28,29,,,22,22,,,2,0,0,high,materially_inflated,9,2 structurally suspect rows; rank moved materially after verification,,no
Konishi Yukinaga,https://en.wikipedia.org/wiki/Konishi_Yukinaga,early_modern,74,91,130,161,-56,-70,model_sensitive_band,outside_trust_headline,caution,caution,13,13,B=13; O=0; C=0; W=0,B=12; O=0; C=1; W=0,11,11,V=8; D=3; N=0; U=2,V=7; D=4; N=0; U=2,1,1,0,high,materially_inflated,9,1 structurally suspect rows; 1 downgraded broad rows; campaign reduction 1→0; rank moved materially after verification,,no
Omar Bradley,https://en.wikipedia.org/wiki/Omar_Bradley,world_wars,81,108,242,352,-161,-244,model_sensitive_band,outside_trust_headline,caution,caution,13,10,,,12,9,,,1,1,0,high,materially_inflated,9,1 structurally suspect rows; 1 downgraded broad rows; rank moved materially after verification,,no
François Joseph Lefebvre,https://en.wikipedia.org/wiki/Fran%C3%A7ois_Joseph_Lefebvre,revolutionary_napoleonic,102,184,78,140,24,44,outside_trust_headline,model_sensitive_band,caution,caution,13,14,,,11,11,,,0,2,0,high,materially_inflated,9,2 downgraded broad rows; rank moved materially after verification,,no
Georg von Küchler,https://en.wikipedia.org/wiki/Georg_von_K%C3%BCchler,world_wars,108,145,144,187,-36,-42,outside_trust_headline,outside_trust_headline,caution,caution,12,13,,,11,11,,,0,2,0,high,materially_inflated,9,2 downgraded broad rows; rank moved materially after verification,,no
Joseph Souham,https://en.wikipedia.org/wiki/Joseph_Souham,revolutionary_napoleonic,132,114,114,95,18,19,outside_trust_headline,outside_trust_headline,caution,moderate,8,9,,,7,8,,,0,1,0,high,materially_inflated,9,1 downgraded broad rows; rank moved materially after verification,,no
"Archduke Charles, Duke of Teschen",https://en.wikipedia.org/wiki/Archduke_Charles%2C_Duke_of_Teschen,revolutionary_napoleonic,144,243,146,258,-2,-15,outside_trust_headline,outside_trust_headline,caution,caution,27,28,,,20,20,,,1,1,0,high,materially_inflated,9,1 structurally suspect rows; 1 downgraded broad rows; rank moved materially after verification,,no
Valery Gerasimov,https://en.wikipedia.org/wiki/Valery_Gerasimov,contemporary,171,110,163,94,8,16,outside_trust_headline,outside_trust_headline,caution,caution,10,11,,,4,4,,,0,2,0,high,materially_inflated,9,2 downgraded broad rows; rank moved materially after verification,,no
Tommy Franks,https://en.wikipedia.org/wiki/Tommy_Franks,contemporary,177,190,296,340,-119,-150,outside_trust_headline,outside_trust_headline,caution,caution,15,13,,,5,3,,,1,1,0,high,materially_inflated,9,1 structurally suspect rows; 1 downgraded broad rows; rank moved materially after verification,,no
Stilicho,https://en.wikipedia.org/wiki/Stilicho,ancient,178,115,166,97,12,18,outside_trust_headline,outside_trust_headline,caution,caution,8,9,,,6,7,,,0,1,0,high,materially_inflated,9,1 downgraded broad rows; rank moved materially after verification,,no
Qutb ud-Din Aibak,https://en.wikipedia.org/wiki/Qutb_ud-Din_Aibak,medieval,193,135,139,72,54,63,outside_trust_headline,outside_trust_headline,caution,caution,7,8,,,6,7,,,0,1,0,high,materially_inflated,9,1 downgraded broad rows; rank moved materially after verification,,no
Hans Karl von Diebitsch,https://en.wikipedia.org/wiki/Hans_Karl_von_Diebitsch,long_nineteenth_century,195,132,175,109,20,23,outside_trust_headline,outside_trust_headline,caution,caution,7,8,,,5,6,,,0,1,0,high,materially_inflated,9,1 downgraded broad rows; rank moved materially after verification,,no
Mahmud Pasha Angelović,https://en.wikipedia.org/wiki/Mahmud_Pasha_Angelovi%C4%87,medieval,32,27,42,38,-10,-11,high_confidence_upper_band,high_confidence_upper_band,moderate,moderate,11,11,B=11; O=0; C=0; W=0,B=9; O=0; C=1; W=1,9,9,V=8; D=1; N=0; U=2,V=8; D=1; N=0; U=2,0,2,0,high,materially_inflated,8,2 downgraded broad rows; war-page reduction 1→0; campaign reduction 1→0; rank moved materially after verification,,no
Joachim Murat,https://en.wikipedia.org/wiki/Joachim_Murat,revolutionary_napoleonic,120,236,103,203,17,33,outside_trust_headline,outside_trust_headline,caution,caution,37,37,,,28,29,,,2,1,0,high,materially_inflated,8,2 structurally suspect rows; 1 downgraded broad rows; rank moved materially after verification,,no
"François-Henri de Montmorency, duc de Luxembourg",https://en.wikipedia.org/wiki/Fran%C3%A7ois-Henri_de_Montmorency%2C_duc_de_Luxembourg,early_modern,138,106,121,91,17,15,outside_trust_headline,outside_trust_headline,caution,caution,13,13,B=10; O=0; C=0; W=3,B=10; O=0; C=0; W=3,7,7,V=7; D=0; N=0; U=6,V=7; D=0; N=0; U=6,0,0,0,high,materially_inflated,8,rank moved materially after verification,,no
Nikolay Kamensky,https://en.wikipedia.org/wiki/Nikolay_Kamensky,revolutionary_napoleonic,175,196,162,171,13,25,outside_trust_headline,outside_trust_headline,caution,caution,11,12,,,8,8,,,0,1,0,high,materially_inflated,8,1 downgraded broad rows; rank moved materially after verification,,no
Bairam Khan,https://en.wikipedia.org/wiki/Bairam_Khan,early_modern,190,226,172,207,18,19,outside_trust_headline,outside_trust_headline,caution,caution,9,10,,,7,7,,,0,1,0,high,materially_inflated,8,1 downgraded broad rows; rank moved materially after verification,,no
Jean Lannes,https://en.wikipedia.org/wiki/Jean_Lannes,revolutionary_napoleonic,11,12,8,9,3,3,robust_elite_core,robust_elite_core,high,very_high,28,29,B=25; O=0; C=0; W=3,B=24; O=0; C=1; W=4,26,26,V=24; D=2; N=0; U=2,V=25; D=1; N=0; U=3,1,1,0,moderate,mildly_inflated,7,1 structurally suspect rows; 1 downgraded broad rows; war-page reduction 4→3; campaign reduction 1→0,,no
Tolui,https://en.wikipedia.org/wiki/Tolui,medieval,60,32,141,57,-81,-25,model_sensitive_band,outside_trust_headline,caution,caution,10,9,B=7; O=0; C=0; W=3,,8,6,V=8; D=0; N=0; U=2,,0,1,0,high,materially_inflated,7,1 downgraded broad rows; rank moved materially after verification,,no
Francis Vere,https://en.wikipedia.org/wiki/Francis_Vere,early_modern,67,81,54,74,13,7,model_sensitive_band,model_sensitive_band,caution,caution,18,19,B=18; O=0; C=0; W=0,B=18; O=0; C=0; W=1,17,17,V=14; D=3; N=0; U=1,V=14; D=3; N=0; U=2,0,1,0,high,materially_inflated,7,1 downgraded broad rows; war-page reduction 1→0; rank moved materially after verification,,no
Laurent de Gouvion Saint-Cyr,https://en.wikipedia.org/wiki/Laurent_de_Gouvion_Saint-Cyr,revolutionary_napoleonic,118,210,98,180,20,30,outside_trust_headline,model_sensitive_band,caution,caution,20,20,,,16,16,,,1,0,0,high,materially_inflated,7,1 structurally suspect rows; rank moved materially after verification,,no
Jebe,https://en.wikipedia.org/wiki/Jebe,medieval,149,152,257,262,-108,-110,outside_trust_headline,outside_trust_headline,caution,caution,8,7,,,8,6,,,0,1,0,high,materially_inflated,7,1 downgraded broad rows; rank moved materially after verification,,no
"Charles William Ferdinand, Duke of Brunswick",https://en.wikipedia.org/wiki/Charles_William_Ferdinand%2C_Duke_of_Brunswick,revolutionary_napoleonic,197,329,183,308,14,21,outside_trust_headline,outside_trust_headline,caution,caution,12,12,,,9,9,,,0,1,0,high,materially_inflated,7,1 downgraded broad rows; rank moved materially after verification,,no
Heinz Guderian,https://en.wikipedia.org/wiki/Heinz_Guderian,world_wars,27,19,59,49,-32,-30,high_confidence_upper_band,model_sensitive_band,moderate,moderate,13,12,B=13; O=0; C=0; W=0,B=12; O=0; C=0; W=0,9,8,V=8; D=1; N=0; U=4,V=7; D=1; N=0; U=4,0,1,0,high,materially_inflated,6,1 downgraded broad rows; rank moved materially after verification,multiple surviving battle pages still unresolved,no
Genghis Khan,https://en.wikipedia.org/wiki/Genghis_Khan,medieval,30,48,38,60,-8,-12,model_sensitive_band,model_sensitive_band,caution,caution,15,14,B=12; O=0; C=0; W=3,B=12; O=0; C=1; W=1,15,13,V=12; D=3; N=0; U=0,V=10; D=3; N=0; U=1,0,1,0,high,materially_inflated,6,1 downgraded broad rows; campaign reduction 1→0; rank moved materially after verification,,no
"Sébastien Le Prestre, Marquis of Vauban",https://en.wikipedia.org/wiki/S%C3%A9bastien_Le_Prestre%2C_Marquis_of_Vauban,early_modern,31,25,25,19,6,6,high_confidence_upper_band,high_confidence_upper_band,moderate,moderate,16,16,B=13; O=0; C=0; W=3,B=13; O=0; C=0; W=3,12,12,V=12; D=0; N=0; U=4,V=12; D=0; N=0; U=4,0,0,0,moderate,mildly_inflated,6,rank moved materially after verification,clean record with unresolved battle outcomes,no
Hubert Gough,https://en.wikipedia.org/wiki/Hubert_Gough,world_wars,41,41,48,64,-7,-23,high_confidence_upper_band,high_confidence_upper_band,moderate,moderate,22,22,B=20; O=2; C=0; W=0,B=19; O=3; C=0; W=0,15,14,V=12; D=2; N=1; U=7,V=11; D=2; N=1; U=8,0,1,0,high,materially_inflated,6,1 downgraded broad rows; rank moved materially after verification,multiple surviving battle pages still unresolved,no
Khalid ibn al-Walid,https://en.wikipedia.org/wiki/Khalid_ibn_al-Walid,medieval,44,53,39,47,5,6,model_sensitive_band,model_sensitive_band,caution,caution,41,40,B=40; O=0; C=0; W=1,B=39; O=0; C=0; W=1,32,32,V=31; D=0; N=1; U=9,V=31; D=0; N=1; U=8,0,1,0,moderate,high_priority_manual_audit,6,1 downgraded broad rows; rank moved materially after verification,clean record with unresolved battle outcomes; multiple surviving battle pages still unresolved,yes
Kirill Meretskov,https://en.wikipedia.org/wiki/Kirill_Meretskov,world_wars,85,119,85,115,0,4,model_sensitive_band,model_sensitive_band,caution,caution,13,14,,,10,11,,,0,3,0,moderate,mildly_inflated,6,3 downgraded broad rows,,no
Saladin,https://en.wikipedia.org/wiki/Saladin,medieval,115,112,108,106,7,6,outside_trust_headline,outside_trust_headline,caution,caution,21,20,B=21; O=0; C=0; W=0,B=20; O=0; C=0; W=0,10,10,V=10; D=0; N=0; U=11,V=10; D=0; N=0; U=10,0,0,0,moderate,mildly_inflated,6,rank moved materially after verification,,no
Sidney Smith,https://en.wikipedia.org/wiki/Sidney_Smith_(Royal_Navy_officer),revolutionary_napoleonic,130,166,153,188,-23,-22,outside_trust_headline,outside_trust_headline,caution,caution,10,11,,,8,7,,,0,0,0,high,materially_inflated,6,rank moved materially after verification,,no
"Maurice, Prince of Orange",https://en.wikipedia.org/wiki/Maurice%2C_Prince_of_Orange,early_modern,12,14,9,12,3,2,robust_elite_core,robust_elite_core,very_high,very_high,38,39,B=36; O=0; C=0; W=2,B=34; O=0; C=0; W=5,35,33,V=28; D=7; N=0; U=3,V=26; D=7; N=0; U=6,1,2,0,moderate,mildly_inflated,5,1 structurally suspect rows; 2 downgraded broad rows; war-page reduction 5→2,,no
Winfield Scott,https://en.wikipedia.org/wiki/Winfield_Scott,long_nineteenth_century,62,51,124,80,-62,-29,model_sensitive_band,outside_trust_headline,caution,caution,12,11,B=8; O=0; C=0; W=4,,8,7,V=7; D=1; N=0; U=4,,0,0,0,high,materially_inflated,5,rank moved materially after verification,,no
Takeda Shingen,https://en.wikipedia.org/wiki/Takeda_Shingen,early_modern,77,85,62,76,15,9,model_sensitive_band,model_sensitive_band,caution,caution,20,20,B=20; O=0; C=0; W=0,B=20; O=0; C=0; W=0,17,17,V=16; D=1; N=0; U=3,V=16; D=1; N=0; U=3,0,0,0,high,materially_inflated,5,rank moved materially after verification,,no
Baybars,https://en.wikipedia.org/wiki/Baybars,medieval,83,67,64,55,19,12,model_sensitive_band,model_sensitive_band,caution,caution,10,10,B=9; O=0; C=0; W=1,B=9; O=0; C=0; W=1,8,8,V=8; D=0; N=0; U=2,V=8; D=0; N=0; U=2,0,0,0,high,materially_inflated,5,rank moved materially after verification,,no
Tokugawa Ieyasu,https://en.wikipedia.org/wiki/Tokugawa_Ieyasu,early_modern,101,136,86,114,15,22,outside_trust_headline,model_sensitive_band,caution,caution,14,14,,,12,12,,,0,0,0,high,materially_inflated,5,rank moved materially after verification,,no
Charles XII of Sweden,https://en.wikipedia.org/wiki/Charles_XII_of_Sweden,early_modern,114,158,94,133,20,25,outside_trust_headline,model_sensitive_band,caution,caution,22,22,B=21; O=0; C=0; W=1,B=21; O=0; C=0; W=1,21,21,V=15; D=6; N=0; U=1,V=15; D=6; N=0; U=1,0,0,0,high,materially_inflated,5,rank moved materially after verification,,no
Ōyama Iwao,https://en.wikipedia.org/wiki/%C5%8Cyama_Iwao,long_nineteenth_century,117,66,102,53,15,13,outside_trust_headline,outside_trust_headline,caution,caution,10,10,B=8; O=0; C=0; W=2,,8,8,V=8; D=0; N=0; U=2,,0,0,0,high,materially_inflated,5,rank moved materially after verification,,no
Publius Cornelius Scipio,https://en.wikipedia.org/wiki/Scipio_Africanus,ancient,161,78,147,69,14,9,outside_trust_headline,outside_trust_headline,caution,caution,9,9,B=7; O=0; C=0; W=2,B=7; O=0; C=0; W=2,8,8,V=8; D=0; N=0; U=1,V=8; D=0; N=0; U=1,0,0,0,high,materially_inflated,5,rank moved materially after verification,,no
Walter Krueger,https://en.wikipedia.org/wiki/Walter_Krueger,world_wars,50,56,51,54,-1,2,model_sensitive_band,model_sensitive_band,caution,moderate,12,12,B=9; O=3; C=0; W=0,B=9; O=2; C=1; W=0,12,12,V=12; D=0; N=0; U=0,V=12; D=0; N=0; U=0,1,0,0,stable,mildly_inflated,4,1 structurally suspect rows; campaign reduction 1→0,,no
Abu Ubayda ibn al-Jarrah,https://en.wikipedia.org/wiki/Abu_Ubayda_ibn_al-Jarrah,medieval,68,64,61,66,7,-2,model_sensitive_band,model_sensitive_band,caution,caution,13,13,B=12; O=0; C=0; W=1,B=11; O=0; C=1; W=1,11,11,V=10; D=1; N=0; U=2,V=10; D=1; N=0; U=2,0,1,0,moderate,mildly_inflated,4,1 downgraded broad rows; campaign reduction 1→0; rank moved materially after verification,,no
"Alexander Farnese, Duke of Parma",https://en.wikipedia.org/wiki/Alexander_Farnese%2C_Duke_of_Parma,early_modern,35,38,36,41,-1,-3,high_confidence_upper_band,high_confidence_upper_band,moderate,moderate,20,20,B=19; O=0; C=0; W=1,B=17; O=0; C=0; W=3,18,16,V=16; D=2; N=0; U=2,V=14; D=2; N=0; U=4,1,1,0,moderate,mildly_inflated,3,1 structurally suspect rows; 1 downgraded broad rows; war-page reduction 3→1,,no
